cid,qid,rid,scenario,paradigm,iteration,calcium_min,calcium_max,calories_min,calories_max,caloriesFromFat_min,caloriesFromFat_max,cholesterol_min,cholesterol_max,dietaryFiber_min,dietaryFiber_max,folate_min,folate_max,iron_min,iron_max,magnesium_min,magnesium_max,niacin_min,niacin_max,potassium_min,potassium_max,protein_min,protein_max,saturatedFat_min,saturatedFat_max,sodium_min,sodium_max,sugars_min,sugars_max,thiamin_min,thiamin_max,totalCarbohydrates_min,totalCarbohydrates_max,totalFat_min,totalFat_max,vitaminA_min,vitaminA_max,vitaminB6_min,vitaminB6_max,vitaminC_min,vitaminC_max,rating_min,rating_max,order1,order2,order3
40900.40940,40900,40940,0.583,EnhancedMAUT,0,,,2500,,,,,,,,,,,,,,,,,,,,,,1500,,,,1.5,,,,,,,,,,,,,,,,
40900.40950,40900,40950,0.583,EnhancedMAUT,0,,,2500,,,,,,,,,,,,,,,,,,,,,,1500,,,,1.5,,,,,,,,,,,,,,,,
40900.40975,40900,40975,0.583,EnhancedMAUT,0,,,2500,,,,,,,,,,,,,,,,,,,,,,1500,,,,1.5,,,,,,,,,,,,,,,,
40900.42842,40900,42842,0.583,EnhancedMAUT,0,,,2500,,,,,,,,,,,,,,,,,,,,,,1500,,,,1.5,,,,,,,,,,,,,,,,
40900.42885,40900,42885,0.583,EnhancedMAUT,0,,,2500,,,,,,,,,,,,,,,,,,,,,,1500,,,,1.5,,,,,,,,,,,,,,,,
40900.42935,40900,42935,0.583,EnhancedMAUT,0,,,2500,,,,,,,,,,,,,,,,,,,,,,1500,,,,1.5,,,,,,,,,,,,,,,,
40900.42970,40900,42970,0.583,EnhancedMAUT,0,,,2500,,,,,,,,,,,,,,,,,,,,,,1500,,,,1.5,,,,,,,,,,,,,,,,
40900.42975,40900,42975,0.583,EnhancedMAUT,0,,,2500,,,,,,,,,,,,,,,,,,,,,,1500,,,,1.5,,,,,,,,,,,,,,,,
42842.40900,42842,40900,0.583,EnhancedMAUT,0,,,,,,,,,,,,,,,,,,,,,,,,,,,,,,,,,,,,,,,,,4,,,,
42842.40940,42842,40940,0.583,EnhancedMAUT,0,,,,,,,,,,,,,,,,,,,,,,,,,,,,,,,,,,,,,,,,,4,,,,
42842.40950,42842,40950,0.583,EnhancedMAUT,0,,,,,,,,,,,,,,,,,,,,,,,,,,,,,,,,,,,,,,,,,4,,,,
42842.40975,42842,40975,0.583,EnhancedMAUT,0,,,,,,,,,,,,,,,,,,,,,,,,,,,,,,,,,,,,,,,,,4,,,,
42842.42885,42842,42885,0.583,EnhancedMAUT,0,,,,,,,,,,,,,,,,,,,,,,,,,,,,,,,,,,,,,,,,,4,,,,
42842.42935,42842,42935,0.583,EnhancedMAUT,0,,,,,,,,,,,,,,,,,,,,,,,,,,,,,,,,,,,,,,,,,4,,,,
42842.42970,42842,42970,0.583,EnhancedMAUT,0,,,,,,,,,,,,,,,,,,,,,,,,,,,,,,,,,,,,,,,,,4,,,,
42842.42975,42842,42975,0.583,EnhancedMAUT,0,,,,,,,,,,,,,,,,,,,,,,,,,,,,,,,,,,,,,,,,,4,,,,
42885.40900,42885,40900,0.583,EnhancedMAUT,0,,,37500.0,,,,,,,,,,,,,,,,,,,,,,1500.0,,,,1.5,,,,,,,,,,,,5,,,,
42885.40940,42885,40940,0.583,EnhancedMAUT,0,,,37500.0,,,,,,,,,,,,,,,,,,,,,,1500.0,,,,1.5,,,,,,,,,,,,5,,,,
42885.40950,42885,40950,0.583,EnhancedMAUT,0,,,37500.0,,,,,,,,,,,,,,,,,,,,,,1500.0,,,,1.5,,,,,,,,,,,,5,,,,
42885.40975,42885,40975,0.583,EnhancedMAUT,0,,,37500.0,,,,,,,,,,,,,,,,,,,,,,1500.0,,,,1.5,,,,,,,,,,,,5,,,,
42885.42842,42885,42842,0.583,EnhancedMAUT,0,,,37500.0,,,,,,,,,,,,,,,,,,,,,,1500.0,,,,1.5,,,,,,,,,,,,5,,,,
42885.42935,42885,42935,0.583,EnhancedMAUT,0,,,37500.0,,,,,,,,,,,,,,,,,,,,,,1500.0,,,,1.5,,,,,,,,,,,,5,,,,
42885.42970,42885,42970,0.583,EnhancedMAUT,0,,,37500.0,,,,,,,,,,,,,,,,,,,,,,1500.0,,,,1.5,,,,,,,,,,,,5,,,,
42885.42975,42885,42975,0.583,EnhancedMAUT,0,,,37500.0,,,,,,,,,,,,,,,,,,,,,,1500.0,,,,1.5,,,,,,,,,,,,5,,,,
44407.44002,44407,44002,1.5669,EnhancedMAUT,0,,,2000.0,,,,,,,,0.4,,,,,,15.0,,,,,,,,,,,,,,,,,,3000.0,,,,,,5,,,,
44407.44009,44407,44009,1.5669,EnhancedMAUT,0,,,2000.0,,,,,,,,0.4,,,,,,15.0,,,,,,,,,,,,,,,,,,3000.0,,,,,,5,,,,
44407.44017,44407,44017,1.5669,EnhancedMAUT,0,,,2000.0,,,,,,,,0.4,,,,,,15.0,,,,,,,,,,,,,,,,,,3000.0,,,,,,5,,,,
44407.44057,44407,44057,1.5669,EnhancedMAUT,0,,,2000.0,,,,,,,,0.4,,,,,,15.0,,,,,,,,,,,,,,,,,,3000.0,,,,,,5,,,,
44407.45977,44407,45977,1.5669,EnhancedMAUT,0,,,2000.0,,,,,,,,0.4,,,,,,15.0,,,,,,,,,,,,,,,,,,3000.0,,,,,,5,,,,
45977.44002,45977,44002,1.5669,EnhancedMAUT,0,,,2000,,,,,,,,.4,,,,,,15,,,,,,,,,,,,,,,,,,3000,,,,,,3,,,,
45977.44009,45977,44009,1.5669,EnhancedMAUT,0,,,2000,,,,,,,,.4,,,,,,15,,,,,,,,,,,,,,,,,,3000,,,,,,3,,,,
45977.44017,45977,44017,1.5669,EnhancedMAUT,0,,,2000,,,,,,,,.4,,,,,,15,,,,,,,,,,,,,,,,,,3000,,,,,,3,,,,
45977.44057,45977,44057,1.5669,EnhancedMAUT,0,,,2000,,,,,,,,.4,,,,,,15,,,,,,,,,,,,,,,,,,3000,,,,,,3,,,,
45977.44407,45977,44407,1.5669,EnhancedMAUT,0,,,2000,,,,,,,,.4,,,,,,15,,,,,,,,,,,,,,,,,,3000,,,,,,3,,,,
42937.42972,42937,42972,1.669,EnhancedMAUT,0,,,2000,,,,,,,,,,,,,,,,,,46,,,,,,,,,,,,,,,,1.3,,,,4,,,,
42937.42977,42937,42977,1.669,EnhancedMAUT,0,,,2000,,,,,,,,,,,,,,,,,,46,,,,,,,,,,,,,,,,1.3,,,,4,,,,
42937.43035,42937,43035,1.669,EnhancedMAUT,0,,,2000,,,,,,,,,,,,,,,,,,46,,,,,,,,,,,,,,,,1.3,,,,4,,,,
42972.42937,42972,42937,1.669,EnhancedMAUT,0,1000,,2000,,,,,,,,,,,,,,,,,,46,,,,,,,,,,130,,,,,,,,,,,,,,
42972.42977,42972,42977,1.669,EnhancedMAUT,0,1000,,2000,,,,,,,,,,,,,,,,,,46,,,,,,,,,,130,,,,,,,,,,,,,,
42972.43035,42972,43035,1.669,EnhancedMAUT,0,1000,,2000,,,,,,,,,,,,,,,,,,46,,,,,,,,,,130,,,,,,,,,,,,,,
45954.45979,45954,45979,10.554,EnhancedMAUT,0,,,2300,,,,300,,,,,,,,,,,,,,26,,,,1500,,,,,,130,,,,,,,,,,4,,,,
42840.40722,42840,40722,10.619,EnhancedMAUT,0,,,,,,,,,,,,,,,,,,,,,,,,,,,,,,,,,,,,,,,,,5,,,,
42840.40775,42840,40775,10.619,EnhancedMAUT,0,,,,,,,,,,,,,,,,,,,,,,,,,,,,,,,,,,,,,,,,,5,,,,
42840.40790,42840,40790,10.619,EnhancedMAUT,0,,,,,,,,,,,,,,,,,,,,,,,,,,,,,,,,,,,,,,,,,5,,,,
42840.40797,42840,40797,10.619,EnhancedMAUT,0,,,,,,,,,,,,,,,,,,,,,,,,,,,,,,,,,,,,,,,,,5,,,,
42840.44649,42840,44649,10.619,EnhancedMAUT,0,,,,,,,,,,,,,,,,,,,,,,,,,,,,,,,,,,,,,,,,,5,,,,
42840.44659,42840,44659,10.619,EnhancedMAUT,0,,,,,,,,,,,,,,,,,,,,,,,,,,,,,,,,,,,,,,,,,5,,,,
44659.40722,44659,40722,10.619,EnhancedMAUT,0,,,2300,,,,,,,,,,,,,,,,,,26,,,,,,,,,,,,,,,,,,,,,,,,
44659.40775,44659,40775,10.619,EnhancedMAUT,0,,,2300,,,,,,,,,,,,,,,,,,26,,,,,,,,,,,,,,,,,,,,,,,,
44659.40790,44659,40790,10.619,EnhancedMAUT,0,,,2300,,,,,,,,,,,,,,,,,,26,,,,,,,,,,,,,,,,,,,,,,,,
44659.40797,44659,40797,10.619,EnhancedMAUT,0,,,2300,,,,,,,,,,,,,,,,,,26,,,,,,,,,,,,,,,,,,,,,,,,
44659.42840,44659,42840,10.619,EnhancedMAUT,0,,,2300,,,,,,,,,,,,,,,,,,26,,,,,,,,,,,,,,,,,,,,,,,,
44659.44649,44659,44649,10.619,EnhancedMAUT,0,,,2300,,,,,,,,,,,,,,,,,,26,,,,,,,,,,,,,,,,,,,,,,,,
43075.40822,43075,40822,11.2959,EnhancedMAUT,0,,,,,,,,,,,,,,,,,,,,,,,,,,,,,,,,,,,,,,,,,5,,,,
43075.42979,43075,42979,11.2959,EnhancedMAUT,0,,,,,,,,,,,,,,,,,,,,,,,,,,,,,,,,,,,,,,,,,5,,,,
43075.43729,43075,43729,11.2959,EnhancedMAUT,0,,,,,,,,,,,,,,,,,,,,,,,,,,,,,,,,,,,,,,,,,5,,,,
43075.43747,43075,43747,11.2959,EnhancedMAUT,0,,,,,,,,,,,,,,,,,,,,,,,,,,,,,,,,,,,,,,,,,5,,,,
43075.43802,43075,43802,11.2959,EnhancedMAUT,0,,,,,,,,,,,,,,,,,,,,,,,,,,,,,,,,,,,,,,,,,5,,,,
43075.45716,43075,45716,11.2959,EnhancedMAUT,0,,,,,,,,,,,,,,,,,,,,,,,,,,,,,,,,,,,,,,,,,5,,,,
43075.45952,43075,45952,11.2959,EnhancedMAUT,0,,,,,,,,,,,,,,,,,,,,,,,,,,,,,,,,,,,,,,,,,5,,,,
43075.46072,43075,46072,11.2959,EnhancedMAUT,0,,,,,,,,,,,,,,,,,,,,,,,,,,,,,,,,,,,,,,,,,5,,,,
43729.40822,43729,40822,11.2959,EnhancedMAUT,0,1400,,2000,,,,,,,,,,,,,,,,,,40,,,,,,,,,,,,,,,,,,,,3.5,,,,
43729.42979,43729,42979,11.2959,EnhancedMAUT,0,1400,,2000,,,,,,,,,,,,,,,,,,40,,,,,,,,,,,,,,,,,,,,3.5,,,,
43729.43075,43729,43075,11.2959,EnhancedMAUT,0,1400,,2000,,,,,,,,,,,,,,,,,,40,,,,,,,,,,,,,,,,,,,,3.5,,,,
43729.43747,43729,43747,11.2959,EnhancedMAUT,0,1400,,2000,,,,,,,,,,,,,,,,,,40,,,,,,,,,,,,,,,,,,,,3.5,,,,
43729.43802,43729,43802,11.2959,EnhancedMAUT,0,1400,,2000,,,,,,,,,,,,,,,,,,40,,,,,,,,,,,,,,,,,,,,3.5,,,,
43729.45716,43729,45716,11.2959,EnhancedMAUT,0,1400,,2000,,,,,,,,,,,,,,,,,,40,,,,,,,,,,,,,,,,,,,,3.5,,,,
43729.45952,43729,45952,11.2959,EnhancedMAUT,0,1400,,2000,,,,,,,,,,,,,,,,,,40,,,,,,,,,,,,,,,,,,,,3.5,,,,
43729.46072,43729,46072,11.2959,EnhancedMAUT,0,1400,,2000,,,,,,,,,,,,,,,,,,40,,,,,,,,,,,,,,,,,,,,3.5,,,,
45952.40822,45952,40822,11.2959,EnhancedMAUT,0,1400,,,,,,,,,,,,,,400,,,,,,,,,,1500,,,,,,,,,,,,,,,,4,,,,
45952.42979,45952,42979,11.2959,EnhancedMAUT,0,1400,,,,,,,,,,,,,,400,,,,,,,,,,1500,,,,,,,,,,,,,,,,4,,,,
45952.43075,45952,43075,11.2959,EnhancedMAUT,0,1400,,,,,,,,,,,,,,400,,,,,,,,,,1500,,,,,,,,,,,,,,,,4,,,,
45952.43729,45952,43729,11.2959,EnhancedMAUT,0,1400,,,,,,,,,,,,,,400,,,,,,,,,,1500,,,,,,,,,,,,,,,,4,,,,
45952.43747,45952,43747,11.2959,EnhancedMAUT,0,1400,,,,,,,,,,,,,,400,,,,,,,,,,1500,,,,,,,,,,,,,,,,4,,,,
45952.43802,45952,43802,11.2959,EnhancedMAUT,0,1400,,,,,,,,,,,,,,400,,,,,,,,,,1500,,,,,,,,,,,,,,,,4,,,,
45952.45716,45952,45716,11.2959,EnhancedMAUT,0,1400,,,,,,,,,,,,,,400,,,,,,,,,,1500,,,,,,,,,,,,,,,,4,,,,
45952.46072,45952,46072,11.2959,EnhancedMAUT,0,1400,,,,,,,,,,,,,,400,,,,,,,,,,1500,,,,,,,,,,,,,,,,4,,,,
42702.43039,42702,43039,12.7895,EnhancedMAUT,0,,,,,,,,,,,0.352,,,,,,,,,,,,,,,,,,1.305,,,,,,,,1.599,,74.7,,,,,,
42702.43252,42702,43252,12.7895,EnhancedMAUT,0,,,,,,,,,,,0.352,,,,,,,,,,,,,,,,,,1.305,,,,,,,,1.599,,74.7,,,,,,
42702.44459,42702,44459,12.7895,EnhancedMAUT,0,,,,,,,,,,,0.352,,,,,,,,,,,,,,,,,,1.305,,,,,,,,1.599,,74.7,,,,,,
42702.44647,42702,44647,12.7895,EnhancedMAUT,0,,,,,,,,,,,0.352,,,,,,,,,,,,,,,,,,1.305,,,,,,,,1.599,,74.7,,,,,,
42702.44655,42702,44655,12.7895,EnhancedMAUT,0,,,,,,,,,,,0.352,,,,,,,,,,,,,,,,,,1.305,,,,,,,,1.599,,74.7,,,,,,
42702.44715,42702,44715,12.7895,EnhancedMAUT,0,,,,,,,,,,,0.352,,,,,,,,,,,,,,,,,,1.305,,,,,,,,1.599,,74.7,,,,,,
43252.42702,43252,42702,12.7895,EnhancedMAUT,0,,,,,,,,,,,0.1,,,,,,9.5,,,,,,,,,,,,0.375,,,,,,,,1.3,,22.5,,4,,,,
43252.43039,43252,43039,12.7895,EnhancedMAUT,0,,,,,,,,,,,0.1,,,,,,9.5,,,,,,,,,,,,0.375,,,,,,,,1.3,,22.5,,4,,,,
43252.44459,43252,44459,12.7895,EnhancedMAUT,0,,,,,,,,,,,0.1,,,,,,9.5,,,,,,,,,,,,0.375,,,,,,,,1.3,,22.5,,4,,,,
43252.44647,43252,44647,12.7895,EnhancedMAUT,0,,,,,,,,,,,0.1,,,,,,9.5,,,,,,,,,,,,0.375,,,,,,,,1.3,,22.5,,4,,,,
43252.44655,43252,44655,12.7895,EnhancedMAUT,0,,,,,,,,,,,0.1,,,,,,9.5,,,,,,,,,,,,0.375,,,,,,,,1.3,,22.5,,4,,,,
43252.44715,43252,44715,12.7895,EnhancedMAUT,0,,,,,,,,,,,0.1,,,,,,9.5,,,,,,,,,,,,0.375,,,,,,,,1.3,,22.5,,4,,,,
44715.42702,44715,42702,12.7895,EnhancedMAUT,0,,,300,,,,,,,,,,,,,,,,,,,,,,,,,,,,20,,,,,,,,,,,,,,
44715.43039,44715,43039,12.7895,EnhancedMAUT,0,,,300,,,,,,,,,,,,,,,,,,,,,,,,,,,,20,,,,,,,,,,,,,,
44715.43252,44715,43252,12.7895,EnhancedMAUT,0,,,300,,,,,,,,,,,,,,,,,,,,,,,,,,,,20,,,,,,,,,,,,,,
44715.44459,44715,44459,12.7895,EnhancedMAUT,0,,,300,,,,,,,,,,,,,,,,,,,,,,,,,,,,20,,,,,,,,,,,,,,
44715.44647,44715,44647,12.7895,EnhancedMAUT,0,,,300,,,,,,,,,,,,,,,,,,,,,,,,,,,,20,,,,,,,,,,,,,,
44715.44655,44715,44655,12.7895,EnhancedMAUT,0,,,300,,,,,,,,,,,,,,,,,,,,,,,,,,,,20,,,,,,,,,,,,,,
44445.44000,44445,44000,13.666,EnhancedMAUT,0,,,400,,,,,,,,,,,,,,,,,,15,,,,,,,,,,,,,,,,,,,,4,,,,
44445.44005,44445,44005,13.666,EnhancedMAUT,0,,,400,,,,,,,,,,,,,,,,,,15,,,,,,,,,,,,,,,,,,,,4,,,,
44445.44015,44445,44015,13.666,EnhancedMAUT,0,,,400,,,,,,,,,,,,,,,,,,15,,,,,,,,,,,,,,,,,,,,4,,,,
44445.44035,44445,44035,13.666,EnhancedMAUT,0,,,400,,,,,,,,,,,,,,,,,,15,,,,,,,,,,,,,,,,,,,,4,,,,
44445.44040,44445,44040,13.666,EnhancedMAUT,0,,,400,,,,,,,,,,,,,,,,,,15,,,,,,,,,,,,,,,,,,,,4,,,,
44445.44045,44445,44045,13.666,EnhancedMAUT,0,,,400,,,,,,,,,,,,,,,,,,15,,,,,,,,,,,,,,,,,,,,4,,,,
44445.44405,44445,44405,13.666,EnhancedMAUT,0,,,400,,,,,,,,,,,,,,,,,,15,,,,,,,,,,,,,,,,,,,,4,,,,
44445.44420,44445,44420,13.666,EnhancedMAUT,0,,,400,,,,,,,,,,,,,,,,,,15,,,,,,,,,,,,,,,,,,,,4,,,,
44445.44645,44445,44645,13.666,EnhancedMAUT,0,,,400,,,,,,,,,,,,,,,,,,15,,,,,,,,,,,,,,,,,,,,4,,,,
44445.44675,44445,44675,13.666,EnhancedMAUT,0,,,400,,,,,,,,,,,,,,,,,,15,,,,,,,,,,,,,,,,,,,,4,,,,
44645.44000,44645,44000,13.666,EnhancedMAUT,0,,,500,,,,,,,,,,,,,,,,,,,,,,,,,,,,,,,,,,,,,,,,,,
44645.44005,44645,44005,13.666,EnhancedMAUT,0,,,500,,,,,,,,,,,,,,,,,,,,,,,,,,,,,,,,,,,,,,,,,,
44645.44015,44645,44015,13.666,EnhancedMAUT,0,,,500,,,,,,,,,,,,,,,,,,,,,,,,,,,,,,,,,,,,,,,,,,
44645.44035,44645,44035,13.666,EnhancedMAUT,0,,,500,,,,,,,,,,,,,,,,,,,,,,,,,,,,,,,,,,,,,,,,,,
44645.44040,44645,44040,13.666,EnhancedMAUT,0,,,500,,,,,,,,,,,,,,,,,,,,,,,,,,,,,,,,,,,,,,,,,,
44645.44045,44645,44045,13.666,EnhancedMAUT,0,,,500,,,,,,,,,,,,,,,,,,,,,,,,,,,,,,,,,,,,,,,,,,
44645.44405,44645,44405,13.666,EnhancedMAUT,0,,,500,,,,,,,,,,,,,,,,,,,,,,,,,,,,,,,,,,,,,,,,,,
44645.44420,44645,44420,13.666,EnhancedMAUT,0,,,500,,,,,,,,,,,,,,,,,,,,,,,,,,,,,,,,,,,,,,,,,,
44645.44445,44645,44445,13.666,EnhancedMAUT,0,,,500,,,,,,,,,,,,,,,,,,,,,,,,,,,,,,,,,,,,,,,,,,
44645.44675,44645,44675,13.666,EnhancedMAUT,0,,,500,,,,,,,,,,,,,,,,,,,,,,,,,,,,,,,,,,,,,,,,,,
42344.42595,42344,42595,13.773,EnhancedMAUT,0,,,,,,,,,,,,,,,,,,,,,,,,,,,,,,,,,,,,,,,,,4.5,,,,
43250.40512,43250,40512,14.2832,EnhancedMAUT,0,,,,,,,,,,,,,,,,,,,,,,,,,1500.0,,,,,,156.0,,,,,,1.3,,,,4,,,,
43250.43037,43250,43037,14.2832,EnhancedMAUT,0,,,,,,,,,,,,,,,,,,,,,,,,,1500.0,,,,,,156.0,,,,,,1.3,,,,4,,,,
43250.43077,43250,43077,14.2832,EnhancedMAUT,0,,,,,,,,,,,,,,,,,,,,,,,,,1500.0,,,,,,156.0,,,,,,1.3,,,,4,,,,
43250.43290,43250,43290,14.2832,EnhancedMAUT,0,,,,,,,,,,,,,,,,,,,,,,,,,1500.0,,,,,,156.0,,,,,,1.3,,,,4,,,,
43250.44639,43250,44639,14.2832,EnhancedMAUT,0,,,,,,,,,,,,,,,,,,,,,,,,,1500.0,,,,,,156.0,,,,,,1.3,,,,4,,,,
43250.44677,43250,44677,14.2832,EnhancedMAUT,0,,,,,,,,,,,,,,,,,,,,,,,,,1500.0,,,,,,156.0,,,,,,1.3,,,,4,,,,
43250.44990,43250,44990,14.2832,EnhancedMAUT,0,,,,,,,,,,,,,,,,,,,,,,,,,1500.0,,,,,,156.0,,,,,,1.3,,,,4,,,,
43250.45055,43250,45055,14.2832,EnhancedMAUT,0,,,,,,,,,,,,,,,,,,,,,,,,,1500.0,,,,,,156.0,,,,,,1.3,,,,4,,,,
43250.45064,43250,45064,14.2832,EnhancedMAUT,0,,,,,,,,,,,,,,,,,,,,,,,,,1500.0,,,,,,156.0,,,,,,1.3,,,,4,,,,
43250.45072,43250,45072,14.2832,EnhancedMAUT,0,,,,,,,,,,,,,,,,,,,,,,,,,1500.0,,,,,,156.0,,,,,,1.3,,,,4,,,,
43250.45120,43250,45120,14.2832,EnhancedMAUT,0,,,,,,,,,,,,,,,,,,,,,,,,,1500.0,,,,,,156.0,,,,,,1.3,,,,4,,,,
43290.40512,43290,40512,14.2832,EnhancedMAUT,0,,,,,,,,,,,,,,,,,,,,,,,,,,,,,,,320,,,,,,,,,,,,,,
43290.43037,43290,43037,14.2832,EnhancedMAUT,0,,,,,,,,,,,,,,,,,,,,,,,,,,,,,,,320,,,,,,,,,,,,,,
43290.43077,43290,43077,14.2832,EnhancedMAUT,0,,,,,,,,,,,,,,,,,,,,,,,,,,,,,,,320,,,,,,,,,,,,,,
43290.43250,43290,43250,14.2832,EnhancedMAUT,0,,,,,,,,,,,,,,,,,,,,,,,,,,,,,,,320,,,,,,,,,,,,,,
43290.44639,43290,44639,14.2832,EnhancedMAUT,0,,,,,,,,,,,,,,,,,,,,,,,,,,,,,,,320,,,,,,,,,,,,,,
43290.44677,43290,44677,14.2832,EnhancedMAUT,0,,,,,,,,,,,,,,,,,,,,,,,,,,,,,,,320,,,,,,,,,,,,,,
43290.44990,43290,44990,14.2832,EnhancedMAUT,0,,,,,,,,,,,,,,,,,,,,,,,,,,,,,,,320,,,,,,,,,,,,,,
43290.45055,43290,45055,14.2832,EnhancedMAUT,0,,,,,,,,,,,,,,,,,,,,,,,,,,,,,,,320,,,,,,,,,,,,,,
43290.45064,43290,45064,14.2832,EnhancedMAUT,0,,,,,,,,,,,,,,,,,,,,,,,,,,,,,,,320,,,,,,,,,,,,,,
43290.45072,43290,45072,14.2832,EnhancedMAUT,0,,,,,,,,,,,,,,,,,,,,,,,,,,,,,,,320,,,,,,,,,,,,,,
43290.45120,43290,45120,14.2832,EnhancedMAUT,0,,,,,,,,,,,,,,,,,,,,,,,,,,,,,,,320,,,,,,,,,,,,,,
44677.40512,44677,40512,14.2832,EnhancedMAUT,0,,,,,,,,,,,,,,,,,,,,,,,,,1500,,,,,,620,,,,,,1.3,,,,4,,,,
44677.43037,44677,43037,14.2832,EnhancedMAUT,0,,,,,,,,,,,,,,,,,,,,,,,,,1500,,,,,,620,,,,,,1.3,,,,4,,,,
44677.43077,44677,43077,14.2832,EnhancedMAUT,0,,,,,,,,,,,,,,,,,,,,,,,,,1500,,,,,,620,,,,,,1.3,,,,4,,,,
44677.43250,44677,43250,14.2832,EnhancedMAUT,0,,,,,,,,,,,,,,,,,,,,,,,,,1500,,,,,,620,,,,,,1.3,,,,4,,,,
44677.43290,44677,43290,14.2832,EnhancedMAUT,0,,,,,,,,,,,,,,,,,,,,,,,,,1500,,,,,,620,,,,,,1.3,,,,4,,,,
44677.44639,44677,44639,14.2832,EnhancedMAUT,0,,,,,,,,,,,,,,,,,,,,,,,,,1500,,,,,,620,,,,,,1.3,,,,4,,,,
44677.44990,44677,44990,14.2832,EnhancedMAUT,0,,,,,,,,,,,,,,,,,,,,,,,,,1500,,,,,,620,,,,,,1.3,,,,4,,,,
44677.45055,44677,45055,14.2832,EnhancedMAUT,0,,,,,,,,,,,,,,,,,,,,,,,,,1500,,,,,,620,,,,,,1.3,,,,4,,,,
44677.45064,44677,45064,14.2832,EnhancedMAUT,0,,,,,,,,,,,,,,,,,,,,,,,,,1500,,,,,,620,,,,,,1.3,,,,4,,,,
44677.45072,44677,45072,14.2832,EnhancedMAUT,0,,,,,,,,,,,,,,,,,,,,,,,,,1500,,,,,,620,,,,,,1.3,,,,4,,,,
44677.45120,44677,45120,14.2832,EnhancedMAUT,0,,,,,,,,,,,,,,,,,,,,,,,,,1500,,,,,,620,,,,,,1.3,,,,4,,,,
45055.40512,45055,40512,14.2832,EnhancedMAUT,0,,,2500,,,,,,,,,,,,,,,,,,,,,,1500,,,,,,620,,,,,,1.3,,,,,,,,
45055.43037,45055,43037,14.2832,EnhancedMAUT,0,,,2500,,,,,,,,,,,,,,,,,,,,,,1500,,,,,,620,,,,,,1.3,,,,,,,,
45055.43077,45055,43077,14.2832,EnhancedMAUT,0,,,2500,,,,,,,,,,,,,,,,,,,,,,1500,,,,,,620,,,,,,1.3,,,,,,,,
45055.43250,45055,43250,14.2832,EnhancedMAUT,0,,,2500,,,,,,,,,,,,,,,,,,,,,,1500,,,,,,620,,,,,,1.3,,,,,,,,
45055.43290,45055,43290,14.2832,EnhancedMAUT,0,,,2500,,,,,,,,,,,,,,,,,,,,,,1500,,,,,,620,,,,,,1.3,,,,,,,,
45055.44639,45055,44639,14.2832,EnhancedMAUT,0,,,2500,,,,,,,,,,,,,,,,,,,,,,1500,,,,,,620,,,,,,1.3,,,,,,,,
45055.44677,45055,44677,14.2832,EnhancedMAUT,0,,,2500,,,,,,,,,,,,,,,,,,,,,,1500,,,,,,620,,,,,,1.3,,,,,,,,
45055.44990,45055,44990,14.2832,EnhancedMAUT,0,,,2500,,,,,,,,,,,,,,,,,,,,,,1500,,,,,,620,,,,,,1.3,,,,,,,,
45055.45064,45055,45064,14.2832,EnhancedMAUT,0,,,2500,,,,,,,,,,,,,,,,,,,,,,1500,,,,,,620,,,,,,1.3,,,,,,,,
45055.45072,45055,45072,14.2832,EnhancedMAUT,0,,,2500,,,,,,,,,,,,,,,,,,,,,,1500,,,,,,620,,,,,,1.3,,,,,,,,
45055.45120,45055,45120,14.2832,EnhancedMAUT,0,,,2500,,,,,,,,,,,,,,,,,,,,,,1500,,,,,,620,,,,,,1.3,,,,,,,,
45064.40512,45064,40512,14.2832,EnhancedMAUT,0,,,62500.0,,,,,,,,,,,,,,,,,,,,,,,,,,,,195.0,,,,,,1.3,,,,,,,,
45064.43037,45064,43037,14.2832,EnhancedMAUT,0,,,62500.0,,,,,,,,,,,,,,,,,,,,,,,,,,,,195.0,,,,,,1.3,,,,,,,,
45064.43077,45064,43077,14.2832,EnhancedMAUT,0,,,62500.0,,,,,,,,,,,,,,,,,,,,,,,,,,,,195.0,,,,,,1.3,,,,,,,,
45064.43250,45064,43250,14.2832,EnhancedMAUT,0,,,62500.0,,,,,,,,,,,,,,,,,,,,,,,,,,,,195.0,,,,,,1.3,,,,,,,,
45064.43290,45064,43290,14.2832,EnhancedMAUT,0,,,62500.0,,,,,,,,,,,,,,,,,,,,,,,,,,,,195.0,,,,,,1.3,,,,,,,,
45064.44639,45064,44639,14.2832,EnhancedMAUT,0,,,62500.0,,,,,,,,,,,,,,,,,,,,,,,,,,,,195.0,,,,,,1.3,,,,,,,,
45064.44677,45064,44677,14.2832,EnhancedMAUT,0,,,62500.0,,,,,,,,,,,,,,,,,,,,,,,,,,,,195.0,,,,,,1.3,,,,,,,,
45064.44990,45064,44990,14.2832,EnhancedMAUT,0,,,62500.0,,,,,,,,,,,,,,,,,,,,,,,,,,,,195.0,,,,,,1.3,,,,,,,,
45064.45055,45064,45055,14.2832,EnhancedMAUT,0,,,62500.0,,,,,,,,,,,,,,,,,,,,,,,,,,,,195.0,,,,,,1.3,,,,,,,,
45064.45072,45064,45072,14.2832,EnhancedMAUT,0,,,62500.0,,,,,,,,,,,,,,,,,,,,,,,,,,,,195.0,,,,,,1.3,,,,,,,,
45064.45120,45064,45120,14.2832,EnhancedMAUT,0,,,62500.0,,,,,,,,,,,,,,,,,,,,,,,,,,,,195.0,,,,,,1.3,,,,,,,,
45072.40512,45072,40512,14.2832,EnhancedMAUT,0,,,,,,,,,,,,,,,,,,,,,,,,,1125.0,,,,,,650.0,,,,,,2.6,,,,5,,,,
45072.43037,45072,43037,14.2832,EnhancedMAUT,0,,,,,,,,,,,,,,,,,,,,,,,,,1125.0,,,,,,650.0,,,,,,2.6,,,,5,,,,
45072.43077,45072,43077,14.2832,EnhancedMAUT,0,,,,,,,,,,,,,,,,,,,,,,,,,1125.0,,,,,,650.0,,,,,,2.6,,,,5,,,,
45072.43250,45072,43250,14.2832,EnhancedMAUT,0,,,,,,,,,,,,,,,,,,,,,,,,,1125.0,,,,,,650.0,,,,,,2.6,,,,5,,,,
45072.43290,45072,43290,14.2832,EnhancedMAUT,0,,,,,,,,,,,,,,,,,,,,,,,,,1125.0,,,,,,650.0,,,,,,2.6,,,,5,,,,
45072.44639,45072,44639,14.2832,EnhancedMAUT,0,,,,,,,,,,,,,,,,,,,,,,,,,1125.0,,,,,,650.0,,,,,,2.6,,,,5,,,,
45072.44677,45072,44677,14.2832,EnhancedMAUT,0,,,,,,,,,,,,,,,,,,,,,,,,,1125.0,,,,,,650.0,,,,,,2.6,,,,5,,,,
45072.44990,45072,44990,14.2832,EnhancedMAUT,0,,,,,,,,,,,,,,,,,,,,,,,,,1125.0,,,,,,650.0,,,,,,2.6,,,,5,,,,
45072.45055,45072,45055,14.2832,EnhancedMAUT,0,,,,,,,,,,,,,,,,,,,,,,,,,1125.0,,,,,,650.0,,,,,,2.6,,,,5,,,,
45072.45064,45072,45064,14.2832,EnhancedMAUT,0,,,,,,,,,,,,,,,,,,,,,,,,,1125.0,,,,,,650.0,,,,,,2.6,,,,5,,,,
45072.45120,45072,45120,14.2832,EnhancedMAUT,0,,,,,,,,,,,,,,,,,,,,,,,,,1125.0,,,,,,650.0,,,,,,2.6,,,,5,,,,
45120.40512,45120,40512,14.2832,EnhancedMAUT,0,,,,,,,,,,,,,,,,,,,,,,,,,,,,,,,,,,,,,,,,,4,,,,
45120.43037,45120,43037,14.2832,EnhancedMAUT,0,,,,,,,,,,,,,,,,,,,,,,,,,,,,,,,,,,,,,,,,,4,,,,
45120.43077,45120,43077,14.2832,EnhancedMAUT,0,,,,,,,,,,,,,,,,,,,,,,,,,,,,,,,,,,,,,,,,,4,,,,
45120.43250,45120,43250,14.2832,EnhancedMAUT,0,,,,,,,,,,,,,,,,,,,,,,,,,,,,,,,,,,,,,,,,,4,,,,
45120.43290,45120,43290,14.2832,EnhancedMAUT,0,,,,,,,,,,,,,,,,,,,,,,,,,,,,,,,,,,,,,,,,,4,,,,
45120.44639,45120,44639,14.2832,EnhancedMAUT,0,,,,,,,,,,,,,,,,,,,,,,,,,,,,,,,,,,,,,,,,,4,,,,
45120.44677,45120,44677,14.2832,EnhancedMAUT,0,,,,,,,,,,,,,,,,,,,,,,,,,,,,,,,,,,,,,,,,,4,,,,
45120.44990,45120,44990,14.2832,EnhancedMAUT,0,,,,,,,,,,,,,,,,,,,,,,,,,,,,,,,,,,,,,,,,,4,,,,
45120.45055,45120,45055,14.2832,EnhancedMAUT,0,,,,,,,,,,,,,,,,,,,,,,,,,,,,,,,,,,,,,,,,,4,,,,
45120.45064,45120,45064,14.2832,EnhancedMAUT,0,,,,,,,,,,,,,,,,,,,,,,,,,,,,,,,,,,,,,,,,,4,,,,
45120.45072,45120,45072,14.2832,EnhancedMAUT,0,,,,,,,,,,,,,,,,,,,,,,,,,,,,,,,,,,,,,,,,,4,,,,
40735.44055,40735,44055,15.958,EnhancedMAUT,0,,,,,,,,,,,,,,,,,,,,,,,,,,,,,,,,,,,,,,,,,5,,,,
40735.44080,40735,44080,15.958,EnhancedMAUT,0,,,,,,,,,,,,,,,,,,,,,,,,,,,,,,,,,,,,,,,,,5,,,,
40735.44409,40735,44409,15.958,EnhancedMAUT,0,,,,,,,,,,,,,,,,,,,,,,,,,,,,,,,,,,,,,,,,,5,,,,
40735.44447,40735,44447,15.958,EnhancedMAUT,0,,,,,,,,,,,,,,,,,,,,,,,,,,,,,,,,,,,,,,,,,5,,,,
40735.44455,40735,44455,15.958,EnhancedMAUT,0,,,,,,,,,,,,,,,,,,,,,,,,,,,,,,,,,,,,,,,,,5,,,,
40735.44637,40735,44637,15.958,EnhancedMAUT,0,,,,,,,,,,,,,,,,,,,,,,,,,,,,,,,,,,,,,,,,,5,,,,
44447.40735,44447,40735,15.958,EnhancedMAUT,0,,,600,,100,,,,,,,,,,,,,,,,,,,,,,,,,,,,10,,,,,,,,4,,,,
44447.44055,44447,44055,15.958,EnhancedMAUT,0,,,600,,100,,,,,,,,,,,,,,,,,,,,,,,,,,,,10,,,,,,,,4,,,,
44447.44080,44447,44080,15.958,EnhancedMAUT,0,,,600,,100,,,,,,,,,,,,,,,,,,,,,,,,,,,,10,,,,,,,,4,,,,
44447.44409,44447,44409,15.958,EnhancedMAUT,0,,,600,,100,,,,,,,,,,,,,,,,,,,,,,,,,,,,10,,,,,,,,4,,,,
44447.44455,44447,44455,15.958,EnhancedMAUT,0,,,600,,100,,,,,,,,,,,,,,,,,,,,,,,,,,,,10,,,,,,,,4,,,,
44447.44637,44447,44637,15.958,EnhancedMAUT,0,,,600,,100,,,,,,,,,,,,,,,,,,,,,,,,,,,,10,,,,,,,,4,,,,
40865.40799,40865,40799,16.2344,EnhancedMAUT,0,,,1400,,,,300,,,,,,,,,,,,2500,,,,,,2200,,,,,,,,,,,,,,100,,4,,,,
40865.43749,40865,43749,16.2344,EnhancedMAUT,0,,,1400,,,,300,,,,,,,,,,,,2500,,,,,,2200,,,,,,,,,,,,,,100,,4,,,,
40865.43804,40865,43804,16.2344,EnhancedMAUT,0,,,1400,,,,300,,,,,,,,,,,,2500,,,,,,2200,,,,,,,,,,,,,,100,,4,,,,
40865.44719,40865,44719,16.2344,EnhancedMAUT,0,,,1400,,,,300,,,,,,,,,,,,2500,,,,,,2200,,,,,,,,,,,,,,100,,4,,,,
40865.44745,40865,44745,16.2344,EnhancedMAUT,0,,,1400,,,,300,,,,,,,,,,,,2500,,,,,,2200,,,,,,,,,,,,,,100,,4,,,,
40865.45174,40865,45174,16.2344,EnhancedMAUT,0,,,1400,,,,300,,,,,,,,,,,,2500,,,,,,2200,,,,,,,,,,,,,,100,,4,,,,
40865.45442,40865,45442,16.2344,EnhancedMAUT,0,,,1400,,,,300,,,,,,,,,,,,2500,,,,,,2200,,,,,,,,,,,,,,100,,4,,,,
45442.40799,45442,40799,16.2344,EnhancedMAUT,0,,,2000,,,,,,,,,,,,,,,,3000,,,,,,2000,,,,,,,,,,,,,,,,,,,,
45442.40865,45442,40865,16.2344,EnhancedMAUT,0,,,2000,,,,,,,,,,,,,,,,3000,,,,,,2000,,,,,,,,,,,,,,,,,,,,
45442.43749,45442,43749,16.2344,EnhancedMAUT,0,,,2000,,,,,,,,,,,,,,,,3000,,,,,,2000,,,,,,,,,,,,,,,,,,,,
45442.43804,45442,43804,16.2344,EnhancedMAUT,0,,,2000,,,,,,,,,,,,,,,,3000,,,,,,2000,,,,,,,,,,,,,,,,,,,,
45442.44719,45442,44719,16.2344,EnhancedMAUT,0,,,2000,,,,,,,,,,,,,,,,3000,,,,,,2000,,,,,,,,,,,,,,,,,,,,
45442.44745,45442,44745,16.2344,EnhancedMAUT,0,,,2000,,,,,,,,,,,,,,,,3000,,,,,,2000,,,,,,,,,,,,,,,,,,,,
45442.45174,45442,45174,16.2344,EnhancedMAUT,0,,,2000,,,,,,,,,,,,,,,,3000,,,,,,2000,,,,,,,,,,,,,,,,,,,,
45439.45559,45439,45559,17.557,EnhancedMAUT,0,,,2000,,,,,,,,,,,,,,,,,,,,,,,,80,,,,,,,,,,,,,,5,,,,
45439.45590,45439,45590,17.557,EnhancedMAUT,0,,,2000,,,,,,,,,,,,,,,,,,,,,,,,80,,,,,,,,,,,,,,5,,,,
45439.45937,45439,45937,17.557,EnhancedMAUT,0,,,2000,,,,,,,,,,,,,,,,,,,,,,,,80,,,,,,,,,,,,,,5,,,,
45937.45439,45937,45439,17.557,EnhancedMAUT,0,,,2000,,,,300,,,,,,,,,,,,,,,,,,,,15,,,,,,,,,,,,,,4,,,,
45937.45559,45937,45559,17.557,EnhancedMAUT,0,,,2000,,,,300,,,,,,,,,,,,,,,,,,,,15,,,,,,,,,,,,,,4,,,,
45937.45590,45937,45590,17.557,EnhancedMAUT,0,,,2000,,,,300,,,,,,,,,,,,,,,,,,,,15,,,,,,,,,,,,,,4,,,,
43000.42939,43000,42939,17.578,EnhancedMAUT,0,,,2000.0,,100,,,,,,,,,,,,,,,,,,100,,,,,,,,,,100,,,,,,,,4,,,,
43000.42974,43000,42974,17.578,EnhancedMAUT,0,,,2000.0,,100,,,,,,,,,,,,,,,,,,100,,,,,,,,,,100,,,,,,,,4,,,,
43000.43079,43000,43079,17.578,EnhancedMAUT,0,,,2000.0,,100,,,,,,,,,,,,,,,,,,100,,,,,,,,,,100,,,,,,,,4,,,,
43000.44424,43000,44424,17.578,EnhancedMAUT,0,,,2000.0,,100,,,,,,,,,,,,,,,,,,100,,,,,,,,,,100,,,,,,,,4,,,,
43000.44530,43000,44530,17.578,EnhancedMAUT,0,,,2000.0,,100,,,,,,,,,,,,,,,,,,100,,,,,,,,,,100,,,,,,,,4,,,,
43000.44894,43000,44894,17.578,EnhancedMAUT,0,,,2000.0,,100,,,,,,,,,,,,,,,,,,100,,,,,,,,,,100,,,,,,,,4,,,,
44424.42939,44424,42939,17.578,EnhancedMAUT,0,,,2000,,,,,,,,,,,,,,,,,,,,,,,,50,,,,,,,,,,,,,,,,,,
44424.42974,44424,42974,17.578,EnhancedMAUT,0,,,2000,,,,,,,,,,,,,,,,,,,,,,,,50,,,,,,,,,,,,,,,,,,
44424.43000,44424,43000,17.578,EnhancedMAUT,0,,,2000,,,,,,,,,,,,,,,,,,,,,,,,50,,,,,,,,,,,,,,,,,,
44424.43079,44424,43079,17.578,EnhancedMAUT,0,,,2000,,,,,,,,,,,,,,,,,,,,,,,,50,,,,,,,,,,,,,,,,,,
44424.44530,44424,44530,17.578,EnhancedMAUT,0,,,2000,,,,,,,,,,,,,,,,,,,,,,,,50,,,,,,,,,,,,,,,,,,
44424.44894,44424,44894,17.578,EnhancedMAUT,0,,,2000,,,,,,,,,,,,,,,,,,,,,,,,50,,,,,,,,,,,,,,,,,,
43315.40867,43315,40867,18.2366,EnhancedMAUT,0,,,1200,,,,50,,,,,,,,,,,,,,,,,,,,,,,,,,,,,,,,,,4,,,,
43315.43254,43315,43254,18.2366,EnhancedMAUT,0,,,1200,,,,50,,,,,,,,,,,,,,,,,,,,,,,,,,,,,,,,,,4,,,,
43315.44084,43315,44084,18.2366,EnhancedMAUT,0,,,1200,,,,50,,,,,,,,,,,,,,,,,,,,,,,,,,,,,,,,,,4,,,,
43315.44449,43315,44449,18.2366,EnhancedMAUT,0,,,1200,,,,50,,,,,,,,,,,,,,,,,,,,,,,,,,,,,,,,,,4,,,,
43315.44465,43315,44465,18.2366,EnhancedMAUT,0,,,1200,,,,50,,,,,,,,,,,,,,,,,,,,,,,,,,,,,,,,,,4,,,,
43315.44520,43315,44520,18.2366,EnhancedMAUT,0,,,1200,,,,50,,,,,,,,,,,,,,,,,,,,,,,,,,,,,,,,,,4,,,,
43315.44635,43315,44635,18.2366,EnhancedMAUT,0,,,1200,,,,50,,,,,,,,,,,,,,,,,,,,,,,,,,,,,,,,,,4,,,,
43315.44657,43315,44657,18.2366,EnhancedMAUT,0,,,1200,,,,50,,,,,,,,,,,,,,,,,,,,,,,,,,,,,,,,,,4,,,,
44084.40867,44084,40867,18.2366,EnhancedMAUT,0,1000,,2500,,,,100,,,,,,,,,,,,4700,,,,,,,,,,,,,,,,,,,,,,4,,,,
44084.43254,44084,43254,18.2366,EnhancedMAUT,0,1000,,2500,,,,100,,,,,,,,,,,,4700,,,,,,,,,,,,,,,,,,,,,,4,,,,
44084.43315,44084,43315,18.2366,EnhancedMAUT,0,1000,,2500,,,,100,,,,,,,,,,,,4700,,,,,,,,,,,,,,,,,,,,,,4,,,,
44084.44449,44084,44449,18.2366,EnhancedMAUT,0,1000,,2500,,,,100,,,,,,,,,,,,4700,,,,,,,,,,,,,,,,,,,,,,4,,,,
44084.44465,44084,44465,18.2366,EnhancedMAUT,0,1000,,2500,,,,100,,,,,,,,,,,,4700,,,,,,,,,,,,,,,,,,,,,,4,,,,
44084.44520,44084,44520,18.2366,EnhancedMAUT,0,1000,,2500,,,,100,,,,,,,,,,,,4700,,,,,,,,,,,,,,,,,,,,,,4,,,,
44084.44635,44084,44635,18.2366,EnhancedMAUT,0,1000,,2500,,,,100,,,,,,,,,,,,4700,,,,,,,,,,,,,,,,,,,,,,4,,,,
44084.44657,44084,44657,18.2366,EnhancedMAUT,0,1000,,2500,,,,100,,,,,,,,,,,,4700,,,,,,,,,,,,,,,,,,,,,,4,,,,
44635.40867,44635,40867,18.2366,EnhancedMAUT,0,1000.0,,,,,,99.0,,,,,,,,,,,,,,,,,,,,,,,,,,,,,,,,,,,,,,
44635.43254,44635,43254,18.2366,EnhancedMAUT,0,1000.0,,,,,,99.0,,,,,,,,,,,,,,,,,,,,,,,,,,,,,,,,,,,,,,
44635.43315,44635,43315,18.2366,EnhancedMAUT,0,1000.0,,,,,,99.0,,,,,,,,,,,,,,,,,,,,,,,,,,,,,,,,,,,,,,
44635.44084,44635,44084,18.2366,EnhancedMAUT,0,1000.0,,,,,,99.0,,,,,,,,,,,,,,,,,,,,,,,,,,,,,,,,,,,,,,
44635.44449,44635,44449,18.2366,EnhancedMAUT,0,1000.0,,,,,,99.0,,,,,,,,,,,,,,,,,,,,,,,,,,,,,,,,,,,,,,
44635.44465,44635,44465,18.2366,EnhancedMAUT,0,1000.0,,,,,,99.0,,,,,,,,,,,,,,,,,,,,,,,,,,,,,,,,,,,,,,
44635.44520,44635,44520,18.2366,EnhancedMAUT,0,1000.0,,,,,,99.0,,,,,,,,,,,,,,,,,,,,,,,,,,,,,,,,,,,,,,
44635.44657,44635,44657,18.2366,EnhancedMAUT,0,1000.0,,,,,,99.0,,,,,,,,,,,,,,,,,,,,,,,,,,,,,,,,,,,,,,
44657.40867,44657,40867,18.2366,EnhancedMAUT,0,,,,,,,100,,,,,,,,,,,,,,,,,,,,,,,,,,,,,,,,,,,,,,
44657.43254,44657,43254,18.2366,EnhancedMAUT,0,,,,,,,100,,,,,,,,,,,,,,,,,,,,,,,,,,,,,,,,,,,,,,
44657.43315,44657,43315,18.2366,EnhancedMAUT,0,,,,,,,100,,,,,,,,,,,,,,,,,,,,,,,,,,,,,,,,,,,,,,
44657.44084,44657,44084,18.2366,EnhancedMAUT,0,,,,,,,100,,,,,,,,,,,,,,,,,,,,,,,,,,,,,,,,,,,,,,
44657.44449,44657,44449,18.2366,EnhancedMAUT,0,,,,,,,100,,,,,,,,,,,,,,,,,,,,,,,,,,,,,,,,,,,,,,
44657.44465,44657,44465,18.2366,EnhancedMAUT,0,,,,,,,100,,,,,,,,,,,,,,,,,,,,,,,,,,,,,,,,,,,,,,
44657.44520,44657,44520,18.2366,EnhancedMAUT,0,,,,,,,100,,,,,,,,,,,,,,,,,,,,,,,,,,,,,,,,,,,,,,
44657.44635,44657,44635,18.2366,EnhancedMAUT,0,,,,,,,100,,,,,,,,,,,,,,,,,,,,,,,,,,,,,,,,,,,,,,
42294.42342,42294,42342,19.7431,EnhancedMAUT,0,,,,,,,,,,,,,,,,,,,,,,,,,,,,,,,,,,,,,,,,,3,,,,
40979.40954,40979,40954,19.7433,EnhancedMAUT,0,,,,,,,,,,,200,,,,,,150,,,,,,,,,,,,120,,,,,,,,120,,,,,,,,
40979.44007,40979,44007,19.7433,EnhancedMAUT,0,,,,,,,,,,,200,,,,,,150,,,,,,,,,,,,120,,,,,,,,120,,,,,,,,
40979.44059,40979,44059,19.7433,EnhancedMAUT,0,,,,,,,,,,,200,,,,,,150,,,,,,,,,,,,120,,,,,,,,120,,,,,,,,
40979.44749,40979,44749,19.7433,EnhancedMAUT,0,,,,,,,,,,,200,,,,,,150,,,,,,,,,,,,120,,,,,,,,120,,,,,,,,
40979.45039,40979,45039,19.7433,EnhancedMAUT,0,,,,,,,,,,,200,,,,,,150,,,,,,,,,,,,120,,,,,,,,120,,,,,,,,
40979.45057,40979,45057,19.7433,EnhancedMAUT,0,,,,,,,,,,,200,,,,,,150,,,,,,,,,,,,120,,,,,,,,120,,,,,,,,
40979.45060,40979,45060,19.7433,EnhancedMAUT,0,,,,,,,,,,,200,,,,,,150,,,,,,,,,,,,120,,,,,,,,120,,,,,,,,
40979.45070,40979,45070,19.7433,EnhancedMAUT,0,,,,,,,,,,,200,,,,,,150,,,,,,,,,,,,120,,,,,,,,120,,,,,,,,
45057.40954,45057,40954,19.7433,EnhancedMAUT,0,,,2200,,120,,,,,,1.2,,,,,,3,,,,,,,,,,,,2.1,,,,,,,,4.6,,,,,,,,
45057.40979,45057,40979,19.7433,EnhancedMAUT,0,,,2200,,120,,,,,,1.2,,,,,,3,,,,,,,,,,,,2.1,,,,,,,,4.6,,,,,,,,
45057.44007,45057,44007,19.7433,EnhancedMAUT,0,,,2200,,120,,,,,,1.2,,,,,,3,,,,,,,,,,,,2.1,,,,,,,,4.6,,,,,,,,
45057.44059,45057,44059,19.7433,EnhancedMAUT,0,,,2200,,120,,,,,,1.2,,,,,,3,,,,,,,,,,,,2.1,,,,,,,,4.6,,,,,,,,
45057.44749,45057,44749,19.7433,EnhancedMAUT,0,,,2200,,120,,,,,,1.2,,,,,,3,,,,,,,,,,,,2.1,,,,,,,,4.6,,,,,,,,
45057.45039,45057,45039,19.7433,EnhancedMAUT,0,,,2200,,120,,,,,,1.2,,,,,,3,,,,,,,,,,,,2.1,,,,,,,,4.6,,,,,,,,
45057.45060,45057,45060,19.7433,EnhancedMAUT,0,,,2200,,120,,,,,,1.2,,,,,,3,,,,,,,,,,,,2.1,,,,,,,,4.6,,,,,,,,
45057.45070,45057,45070,19.7433,EnhancedMAUT,0,,,2200,,120,,,,,,1.2,,,,,,3,,,,,,,,,,,,2.1,,,,,,,,4.6,,,,,,,,
45060.40954,45060,40954,19.7433,EnhancedMAUT,0,,,,,,,,,,,1000,,,,,,1000,,,,,,,,,,,,1000,,,,,,,,,,,,4,,,,
45060.40979,45060,40979,19.7433,EnhancedMAUT,0,,,,,,,,,,,1000,,,,,,1000,,,,,,,,,,,,1000,,,,,,,,,,,,4,,,,
45060.44007,45060,44007,19.7433,EnhancedMAUT,0,,,,,,,,,,,1000,,,,,,1000,,,,,,,,,,,,1000,,,,,,,,,,,,4,,,,
45060.44059,45060,44059,19.7433,EnhancedMAUT,0,,,,,,,,,,,1000,,,,,,1000,,,,,,,,,,,,1000,,,,,,,,,,,,4,,,,
45060.44749,45060,44749,19.7433,EnhancedMAUT,0,,,,,,,,,,,1000,,,,,,1000,,,,,,,,,,,,1000,,,,,,,,,,,,4,,,,
45060.45039,45060,45039,19.7433,EnhancedMAUT,0,,,,,,,,,,,1000,,,,,,1000,,,,,,,,,,,,1000,,,,,,,,,,,,4,,,,
45060.45057,45060,45057,19.7433,EnhancedMAUT,0,,,,,,,,,,,1000,,,,,,1000,,,,,,,,,,,,1000,,,,,,,,,,,,4,,,,
45060.45070,45060,45070,19.7433,EnhancedMAUT,0,,,,,,,,,,,1000,,,,,,1000,,,,,,,,,,,,1000,,,,,,,,,,,,4,,,,
45070.40954,45070,40954,19.7433,EnhancedMAUT,0,,,500.0,,,,,,6.25,,0.6,,,,,,19.05,,,,,,,,,,1,,2.101,,,,,,,,1.703,,,,5,,,,
45070.40979,45070,40979,19.7433,EnhancedMAUT,0,,,500.0,,,,,,6.25,,0.6,,,,,,19.05,,,,,,,,,,1,,2.101,,,,,,,,1.703,,,,5,,,,
45070.44007,45070,44007,19.7433,EnhancedMAUT,0,,,500.0,,,,,,6.25,,0.6,,,,,,19.05,,,,,,,,,,1,,2.101,,,,,,,,1.703,,,,5,,,,
45070.44059,45070,44059,19.7433,EnhancedMAUT,0,,,500.0,,,,,,6.25,,0.6,,,,,,19.05,,,,,,,,,,1,,2.101,,,,,,,,1.703,,,,5,,,,
45070.44749,45070,44749,19.7433,EnhancedMAUT,0,,,500.0,,,,,,6.25,,0.6,,,,,,19.05,,,,,,,,,,1,,2.101,,,,,,,,1.703,,,,5,,,,
45070.45039,45070,45039,19.7433,EnhancedMAUT,0,,,500.0,,,,,,6.25,,0.6,,,,,,19.05,,,,,,,,,,1,,2.101,,,,,,,,1.703,,,,5,,,,
45070.45057,45070,45057,19.7433,EnhancedMAUT,0,,,500.0,,,,,,6.25,,0.6,,,,,,19.05,,,,,,,,,,1,,2.101,,,,,,,,1.703,,,,5,,,,
45070.45060,45070,45060,19.7433,EnhancedMAUT,0,,,500.0,,,,,,6.25,,0.6,,,,,,19.05,,,,,,,,,,1,,2.101,,,,,,,,1.703,,,,5,,,,
42789.42700,42789,42700,2.4722,EnhancedMAUT,0,,,,,,,,,,,,,,,,,,,,,20,,,,,,,,,,,,,,,,,,,,,,,,
42112.42109,42112,42109,2.4724,EnhancedMAUT,0,1500,,,,,,,,,,0.4,,12,,500,,,,,,56,,,,,,,,,,,,,,,,,,,,5,,,,
42112.44004,42112,44004,2.4724,EnhancedMAUT,0,1500,,,,,,,,,,0.4,,12,,500,,,,,,56,,,,,,,,,,,,,,,,,,,,5,,,,
42112.44082,42112,44082,2.4724,EnhancedMAUT,0,1500,,,,,,,,,,0.4,,12,,500,,,,,,56,,,,,,,,,,,,,,,,,,,,5,,,,
42112.45124,42112,45124,2.4724,EnhancedMAUT,0,1500,,,,,,,,,,0.4,,12,,500,,,,,,56,,,,,,,,,,,,,,,,,,,,5,,,,
42112.45157,42112,45157,2.4724,EnhancedMAUT,0,1500,,,,,,,,,,0.4,,12,,500,,,,,,56,,,,,,,,,,,,,,,,,,,,5,,,,
42112.45170,42112,45170,2.4724,EnhancedMAUT,0,1500,,,,,,,,,,0.4,,12,,500,,,,,,56,,,,,,,,,,,,,,,,,,,,5,,,,
42112.45424,42112,45424,2.4724,EnhancedMAUT,0,1500,,,,,,,,,,0.4,,12,,500,,,,,,56,,,,,,,,,,,,,,,,,,,,5,,,,
42112.45440,42112,45440,2.4724,EnhancedMAUT,0,1500,,,,,,,,,,0.4,,12,,500,,,,,,56,,,,,,,,,,,,,,,,,,,,5,,,,
42112.45575,42112,45575,2.4724,EnhancedMAUT,0,1500,,,,,,,,,,0.4,,12,,500,,,,,,56,,,,,,,,,,,,,,,,,,,,5,,,,
42112.45592,42112,45592,2.4724,EnhancedMAUT,0,1500,,,,,,,,,,0.4,,12,,500,,,,,,56,,,,,,,,,,,,,,,,,,,,5,,,,
42112.45950,42112,45950,2.4724,EnhancedMAUT,0,1500,,,,,,,,,,0.4,,12,,500,,,,,,56,,,,,,,,,,,,,,,,,,,,5,,,,
42112.45967,42112,45967,2.4724,EnhancedMAUT,0,1500,,,,,,,,,,0.4,,12,,500,,,,,,56,,,,,,,,,,,,,,,,,,,,5,,,,
42112.45975,42112,45975,2.4724,EnhancedMAUT,0,1500,,,,,,,,,,0.4,,12,,500,,,,,,56,,,,,,,,,,,,,,,,,,,,5,,,,
45424.42109,45424,42109,2.4724,EnhancedMAUT,0,1500,,2500,,,,,,,,0.4,,12,,500,,,,,,56,,,,,,,,,,,,,,,,,,,,,,,,
45424.42112,45424,42112,2.4724,EnhancedMAUT,0,1500,,2500,,,,,,,,0.4,,12,,500,,,,,,56,,,,,,,,,,,,,,,,,,,,,,,,
45424.44004,45424,44004,2.4724,EnhancedMAUT,0,1500,,2500,,,,,,,,0.4,,12,,500,,,,,,56,,,,,,,,,,,,,,,,,,,,,,,,
45424.44082,45424,44082,2.4724,EnhancedMAUT,0,1500,,2500,,,,,,,,0.4,,12,,500,,,,,,56,,,,,,,,,,,,,,,,,,,,,,,,
45424.45124,45424,45124,2.4724,EnhancedMAUT,0,1500,,2500,,,,,,,,0.4,,12,,500,,,,,,56,,,,,,,,,,,,,,,,,,,,,,,,
45424.45157,45424,45157,2.4724,EnhancedMAUT,0,1500,,2500,,,,,,,,0.4,,12,,500,,,,,,56,,,,,,,,,,,,,,,,,,,,,,,,
45424.45170,45424,45170,2.4724,EnhancedMAUT,0,1500,,2500,,,,,,,,0.4,,12,,500,,,,,,56,,,,,,,,,,,,,,,,,,,,,,,,
45424.45440,45424,45440,2.4724,EnhancedMAUT,0,1500,,2500,,,,,,,,0.4,,12,,500,,,,,,56,,,,,,,,,,,,,,,,,,,,,,,,
45424.45575,45424,45575,2.4724,EnhancedMAUT,0,1500,,2500,,,,,,,,0.4,,12,,500,,,,,,56,,,,,,,,,,,,,,,,,,,,,,,,
45424.45592,45424,45592,2.4724,EnhancedMAUT,0,1500,,2500,,,,,,,,0.4,,12,,500,,,,,,56,,,,,,,,,,,,,,,,,,,,,,,,
45424.45950,45424,45950,2.4724,EnhancedMAUT,0,1500,,2500,,,,,,,,0.4,,12,,500,,,,,,56,,,,,,,,,,,,,,,,,,,,,,,,
45424.45967,45424,45967,2.4724,EnhancedMAUT,0,1500,,2500,,,,,,,,0.4,,12,,500,,,,,,56,,,,,,,,,,,,,,,,,,,,,,,,
45424.45975,45424,45975,2.4724,EnhancedMAUT,0,1500,,2500,,,,,,,,0.4,,12,,500,,,,,,56,,,,,,,,,,,,,,,,,,,,,,,,
45440.42109,45440,42109,2.4724,EnhancedMAUT,0,,,2500,,,,,,,,,,,,,,,,,,,,,,,,,,,,,,,,,,,,,,,,,,
45440.42112,45440,42112,2.4724,EnhancedMAUT,0,,,2500,,,,,,,,,,,,,,,,,,,,,,,,,,,,,,,,,,,,,,,,,,
45440.44004,45440,44004,2.4724,EnhancedMAUT,0,,,2500,,,,,,,,,,,,,,,,,,,,,,,,,,,,,,,,,,,,,,,,,,
45440.44082,45440,44082,2.4724,EnhancedMAUT,0,,,2500,,,,,,,,,,,,,,,,,,,,,,,,,,,,,,,,,,,,,,,,,,
45440.45124,45440,45124,2.4724,EnhancedMAUT,0,,,2500,,,,,,,,,,,,,,,,,,,,,,,,,,,,,,,,,,,,,,,,,,
45440.45157,45440,45157,2.4724,EnhancedMAUT,0,,,2500,,,,,,,,,,,,,,,,,,,,,,,,,,,,,,,,,,,,,,,,,,
45440.45170,45440,45170,2.4724,EnhancedMAUT,0,,,2500,,,,,,,,,,,,,,,,,,,,,,,,,,,,,,,,,,,,,,,,,,
45440.45424,45440,45424,2.4724,EnhancedMAUT,0,,,2500,,,,,,,,,,,,,,,,,,,,,,,,,,,,,,,,,,,,,,,,,,
45440.45575,45440,45575,2.4724,EnhancedMAUT,0,,,2500,,,,,,,,,,,,,,,,,,,,,,,,,,,,,,,,,,,,,,,,,,
45440.45592,45440,45592,2.4724,EnhancedMAUT,0,,,2500,,,,,,,,,,,,,,,,,,,,,,,,,,,,,,,,,,,,,,,,,,
45440.45950,45440,45950,2.4724,EnhancedMAUT,0,,,2500,,,,,,,,,,,,,,,,,,,,,,,,,,,,,,,,,,,,,,,,,,
45440.45967,45440,45967,2.4724,EnhancedMAUT,0,,,2500,,,,,,,,,,,,,,,,,,,,,,,,,,,,,,,,,,,,,,,,,,
45440.45975,45440,45975,2.4724,EnhancedMAUT,0,,,2500,,,,,,,,,,,,,,,,,,,,,,,,,,,,,,,,,,,,,,,,,,
45575.42109,45575,42109,2.4724,EnhancedMAUT,0,500,,550,,75,,100,,20,,1,,10,,150,,10,,1400,,21,,50,,500,,0,,1,,50,,150,,1000,,1,,30,,4,,,,
45575.42112,45575,42112,2.4724,EnhancedMAUT,0,500,,550,,75,,100,,20,,1,,10,,150,,10,,1400,,21,,50,,500,,0,,1,,50,,150,,1000,,1,,30,,4,,,,
45575.44004,45575,44004,2.4724,EnhancedMAUT,0,500,,550,,75,,100,,20,,1,,10,,150,,10,,1400,,21,,50,,500,,0,,1,,50,,150,,1000,,1,,30,,4,,,,
45575.44082,45575,44082,2.4724,EnhancedMAUT,0,500,,550,,75,,100,,20,,1,,10,,150,,10,,1400,,21,,50,,500,,0,,1,,50,,150,,1000,,1,,30,,4,,,,
45575.45124,45575,45124,2.4724,EnhancedMAUT,0,500,,550,,75,,100,,20,,1,,10,,150,,10,,1400,,21,,50,,500,,0,,1,,50,,150,,1000,,1,,30,,4,,,,
45575.45157,45575,45157,2.4724,EnhancedMAUT,0,500,,550,,75,,100,,20,,1,,10,,150,,10,,1400,,21,,50,,500,,0,,1,,50,,150,,1000,,1,,30,,4,,,,
45575.45170,45575,45170,2.4724,EnhancedMAUT,0,500,,550,,75,,100,,20,,1,,10,,150,,10,,1400,,21,,50,,500,,0,,1,,50,,150,,1000,,1,,30,,4,,,,
45575.45424,45575,45424,2.4724,EnhancedMAUT,0,500,,550,,75,,100,,20,,1,,10,,150,,10,,1400,,21,,50,,500,,0,,1,,50,,150,,1000,,1,,30,,4,,,,
45575.45440,45575,45440,2.4724,EnhancedMAUT,0,500,,550,,75,,100,,20,,1,,10,,150,,10,,1400,,21,,50,,500,,0,,1,,50,,150,,1000,,1,,30,,4,,,,
45575.45592,45575,45592,2.4724,EnhancedMAUT,0,500,,550,,75,,100,,20,,1,,10,,150,,10,,1400,,21,,50,,500,,0,,1,,50,,150,,1000,,1,,30,,4,,,,
45575.45950,45575,45950,2.4724,EnhancedMAUT,0,500,,550,,75,,100,,20,,1,,10,,150,,10,,1400,,21,,50,,500,,0,,1,,50,,150,,1000,,1,,30,,4,,,,
45575.45967,45575,45967,2.4724,EnhancedMAUT,0,500,,550,,75,,100,,20,,1,,10,,150,,10,,1400,,21,,50,,500,,0,,1,,50,,150,,1000,,1,,30,,4,,,,
45575.45975,45575,45975,2.4724,EnhancedMAUT,0,500,,550,,75,,100,,20,,1,,10,,150,,10,,1400,,21,,50,,500,,0,,1,,50,,150,,1000,,1,,30,,4,,,,
45592.42109,45592,42109,2.4724,EnhancedMAUT,0,,,,,,,,,,,,,,,,,,,,,,,,,,,,,,,,,,,,,,,,,4,,,,
45592.42112,45592,42112,2.4724,EnhancedMAUT,0,,,,,,,,,,,,,,,,,,,,,,,,,,,,,,,,,,,,,,,,,4,,,,
45592.44004,45592,44004,2.4724,EnhancedMAUT,0,,,,,,,,,,,,,,,,,,,,,,,,,,,,,,,,,,,,,,,,,4,,,,
45592.44082,45592,44082,2.4724,EnhancedMAUT,0,,,,,,,,,,,,,,,,,,,,,,,,,,,,,,,,,,,,,,,,,4,,,,
45592.45124,45592,45124,2.4724,EnhancedMAUT,0,,,,,,,,,,,,,,,,,,,,,,,,,,,,,,,,,,,,,,,,,4,,,,
45592.45157,45592,45157,2.4724,EnhancedMAUT,0,,,,,,,,,,,,,,,,,,,,,,,,,,,,,,,,,,,,,,,,,4,,,,
45592.45170,45592,45170,2.4724,EnhancedMAUT,0,,,,,,,,,,,,,,,,,,,,,,,,,,,,,,,,,,,,,,,,,4,,,,
45592.45424,45592,45424,2.4724,EnhancedMAUT,0,,,,,,,,,,,,,,,,,,,,,,,,,,,,,,,,,,,,,,,,,4,,,,
45592.45440,45592,45440,2.4724,EnhancedMAUT,0,,,,,,,,,,,,,,,,,,,,,,,,,,,,,,,,,,,,,,,,,4,,,,
45592.45575,45592,45575,2.4724,EnhancedMAUT,0,,,,,,,,,,,,,,,,,,,,,,,,,,,,,,,,,,,,,,,,,4,,,,
45592.45950,45592,45950,2.4724,EnhancedMAUT,0,,,,,,,,,,,,,,,,,,,,,,,,,,,,,,,,,,,,,,,,,4,,,,
45592.45967,45592,45967,2.4724,EnhancedMAUT,0,,,,,,,,,,,,,,,,,,,,,,,,,,,,,,,,,,,,,,,,,4,,,,
45592.45975,45592,45975,2.4724,EnhancedMAUT,0,,,,,,,,,,,,,,,,,,,,,,,,,,,,,,,,,,,,,,,,,4,,,,
45950.42109,45950,42109,2.4724,EnhancedMAUT,0,1500,,,,,,,,,,0.4,,,,,,,,,,56,,,,,,,,,,,,,,,,,,,,4,,,,
45950.42112,45950,42112,2.4724,EnhancedMAUT,0,1500,,,,,,,,,,0.4,,,,,,,,,,56,,,,,,,,,,,,,,,,,,,,4,,,,
45950.44004,45950,44004,2.4724,EnhancedMAUT,0,1500,,,,,,,,,,0.4,,,,,,,,,,56,,,,,,,,,,,,,,,,,,,,4,,,,
45950.44082,45950,44082,2.4724,EnhancedMAUT,0,1500,,,,,,,,,,0.4,,,,,,,,,,56,,,,,,,,,,,,,,,,,,,,4,,,,
45950.45124,45950,45124,2.4724,EnhancedMAUT,0,1500,,,,,,,,,,0.4,,,,,,,,,,56,,,,,,,,,,,,,,,,,,,,4,,,,
45950.45157,45950,45157,2.4724,EnhancedMAUT,0,1500,,,,,,,,,,0.4,,,,,,,,,,56,,,,,,,,,,,,,,,,,,,,4,,,,
45950.45170,45950,45170,2.4724,EnhancedMAUT,0,1500,,,,,,,,,,0.4,,,,,,,,,,56,,,,,,,,,,,,,,,,,,,,4,,,,
45950.45424,45950,45424,2.4724,EnhancedMAUT,0,1500,,,,,,,,,,0.4,,,,,,,,,,56,,,,,,,,,,,,,,,,,,,,4,,,,
45950.45440,45950,45440,2.4724,EnhancedMAUT,0,1500,,,,,,,,,,0.4,,,,,,,,,,56,,,,,,,,,,,,,,,,,,,,4,,,,
45950.45575,45950,45575,2.4724,EnhancedMAUT,0,1500,,,,,,,,,,0.4,,,,,,,,,,56,,,,,,,,,,,,,,,,,,,,4,,,,
45950.45592,45950,45592,2.4724,EnhancedMAUT,0,1500,,,,,,,,,,0.4,,,,,,,,,,56,,,,,,,,,,,,,,,,,,,,4,,,,
45950.45967,45950,45967,2.4724,EnhancedMAUT,0,1500,,,,,,,,,,0.4,,,,,,,,,,56,,,,,,,,,,,,,,,,,,,,4,,,,
45950.45975,45950,45975,2.4724,EnhancedMAUT,0,1500,,,,,,,,,,0.4,,,,,,,,,,56,,,,,,,,,,,,,,,,,,,,4,,,,
45967.42109,45967,42109,2.4724,EnhancedMAUT,0,2000,,2500,,,,,,,,,,20,,600,,,,,,,,,,,,,,,,,,,,,,,,,,4,,,,
45967.42112,45967,42112,2.4724,EnhancedMAUT,0,2000,,2500,,,,,,,,,,20,,600,,,,,,,,,,,,,,,,,,,,,,,,,,4,,,,
45967.44004,45967,44004,2.4724,EnhancedMAUT,0,2000,,2500,,,,,,,,,,20,,600,,,,,,,,,,,,,,,,,,,,,,,,,,4,,,,
45967.44082,45967,44082,2.4724,EnhancedMAUT,0,2000,,2500,,,,,,,,,,20,,600,,,,,,,,,,,,,,,,,,,,,,,,,,4,,,,
45967.45124,45967,45124,2.4724,EnhancedMAUT,0,2000,,2500,,,,,,,,,,20,,600,,,,,,,,,,,,,,,,,,,,,,,,,,4,,,,
45967.45157,45967,45157,2.4724,EnhancedMAUT,0,2000,,2500,,,,,,,,,,20,,600,,,,,,,,,,,,,,,,,,,,,,,,,,4,,,,
45967.45170,45967,45170,2.4724,EnhancedMAUT,0,2000,,2500,,,,,,,,,,20,,600,,,,,,,,,,,,,,,,,,,,,,,,,,4,,,,
45967.45424,45967,45424,2.4724,EnhancedMAUT,0,2000,,2500,,,,,,,,,,20,,600,,,,,,,,,,,,,,,,,,,,,,,,,,4,,,,
45967.45440,45967,45440,2.4724,EnhancedMAUT,0,2000,,2500,,,,,,,,,,20,,600,,,,,,,,,,,,,,,,,,,,,,,,,,4,,,,
45967.45575,45967,45575,2.4724,EnhancedMAUT,0,2000,,2500,,,,,,,,,,20,,600,,,,,,,,,,,,,,,,,,,,,,,,,,4,,,,
45967.45592,45967,45592,2.4724,EnhancedMAUT,0,2000,,2500,,,,,,,,,,20,,600,,,,,,,,,,,,,,,,,,,,,,,,,,4,,,,
45967.45950,45967,45950,2.4724,EnhancedMAUT,0,2000,,2500,,,,,,,,,,20,,600,,,,,,,,,,,,,,,,,,,,,,,,,,4,,,,
45967.45975,45967,45975,2.4724,EnhancedMAUT,0,2000,,2500,,,,,,,,,,20,,600,,,,,,,,,,,,,,,,,,,,,,,,,,4,,,,
45975.42109,45975,42109,2.4724,EnhancedMAUT,0,,,800,,,,,,,,2,,,,,,,,,,,,,,,,,,,,,,,,,,,,,,,,,,
45975.42112,45975,42112,2.4724,EnhancedMAUT,0,,,800,,,,,,,,2,,,,,,,,,,,,,,,,,,,,,,,,,,,,,,,,,,
45975.44004,45975,44004,2.4724,EnhancedMAUT,0,,,800,,,,,,,,2,,,,,,,,,,,,,,,,,,,,,,,,,,,,,,,,,,
45975.44082,45975,44082,2.4724,EnhancedMAUT,0,,,800,,,,,,,,2,,,,,,,,,,,,,,,,,,,,,,,,,,,,,,,,,,
45975.45124,45975,45124,2.4724,EnhancedMAUT,0,,,800,,,,,,,,2,,,,,,,,,,,,,,,,,,,,,,,,,,,,,,,,,,
45975.45157,45975,45157,2.4724,EnhancedMAUT,0,,,800,,,,,,,,2,,,,,,,,,,,,,,,,,,,,,,,,,,,,,,,,,,
45975.45170,45975,45170,2.4724,EnhancedMAUT,0,,,800,,,,,,,,2,,,,,,,,,,,,,,,,,,,,,,,,,,,,,,,,,,
45975.45424,45975,45424,2.4724,EnhancedMAUT,0,,,800,,,,,,,,2,,,,,,,,,,,,,,,,,,,,,,,,,,,,,,,,,,
45975.45440,45975,45440,2.4724,EnhancedMAUT,0,,,800,,,,,,,,2,,,,,,,,,,,,,,,,,,,,,,,,,,,,,,,,,,
45975.45575,45975,45575,2.4724,EnhancedMAUT,0,,,800,,,,,,,,2,,,,,,,,,,,,,,,,,,,,,,,,,,,,,,,,,,
45975.45592,45975,45592,2.4724,EnhancedMAUT,0,,,800,,,,,,,,2,,,,,,,,,,,,,,,,,,,,,,,,,,,,,,,,,,
45975.45950,45975,45950,2.4724,EnhancedMAUT,0,,,800,,,,,,,,2,,,,,,,,,,,,,,,,,,,,,,,,,,,,,,,,,,
45975.45967,45975,45967,2.4724,EnhancedMAUT,0,,,800,,,,,,,,2,,,,,,,,,,,,,,,,,,,,,,,,,,,,,,,,,,
44717.40944,44717,40944,3.3441,EnhancedMAUT,0,,,,,,,,,,,,,,,,,,,,,,,,,,,,,,,,,,,,,,,,,5,,,,
44717.45557,44717,45557,3.3441,EnhancedMAUT,0,,,,,,,,,,,,,,,,,,,,,,,,,,,,,,,,,,,,,,,,,5,,,,
44717.45579,44717,45579,3.3441,EnhancedMAUT,0,,,,,,,,,,,,,,,,,,,,,,,,,,,,,,,,,,,,,,,,,5,,,,
44717.45594,44717,45594,3.3441,EnhancedMAUT,0,,,,,,,,,,,,,,,,,,,,,,,,,,,,,,,,,,,,,,,,,5,,,,
45557.40944,45557,40944,3.3441,EnhancedMAUT,0,,,2000,,,,,,,,,,,,,,,,,,,,,,,,,,,,,,,,,,,,,,,,,,
45557.44717,45557,44717,3.3441,EnhancedMAUT,0,,,2000,,,,,,,,,,,,,,,,,,,,,,,,,,,,,,,,,,,,,,,,,,
45557.45579,45557,45579,3.3441,EnhancedMAUT,0,,,2000,,,,,,,,,,,,,,,,,,,,,,,,,,,,,,,,,,,,,,,,,,
45557.45594,45557,45594,3.3441,EnhancedMAUT,0,,,2000,,,,,,,,,,,,,,,,,,,,,,,,,,,,,,,,,,,,,,,,,,
45579.40944,45579,40944,3.3441,EnhancedMAUT,0,,,,,,,,,,,,,,,,,16,,4700,,,,,,,,,,1.5,,,,,,,,2,,,,4,,,,
45579.44717,45579,44717,3.3441,EnhancedMAUT,0,,,,,,,,,,,,,,,,,16,,4700,,,,,,,,,,1.5,,,,,,,,2,,,,4,,,,
45579.45557,45579,45557,3.3441,EnhancedMAUT,0,,,,,,,,,,,,,,,,,16,,4700,,,,,,,,,,1.5,,,,,,,,2,,,,4,,,,
45579.45594,45579,45594,3.3441,EnhancedMAUT,0,,,,,,,,,,,,,,,,,16,,4700,,,,,,,,,,1.5,,,,,,,,2,,,,4,,,,
42105.42114,42105,42114,3.6108,EnhancedMAUT,0,,,,,,,,,,,,,,,,,,,,,,,,,,,,,,,,,,,,,1.5,,,,,,,,
41867.41069,41867,41069,3.732,EnhancedMAUT,0,,,,,,,,,,,,,,,,,16,,,,,,,,,,,,1.3,,,,,,,,2,,,,,,,,
40824.40819,40824,40819,4.3002,EnhancedMAUT,0,,,1800,,,,,,,,0.5,,,,,,,,,,,,,,,,,,1.9,,,,,,,,,,120,,,,,,
40824.43317,40824,43317,4.3002,EnhancedMAUT,0,,,1800,,,,,,,,0.5,,,,,,,,,,,,,,,,,,1.9,,,,,,,,,,120,,,,,,
40824.43335,40824,43335,4.3002,EnhancedMAUT,0,,,1800,,,,,,,,0.5,,,,,,,,,,,,,,,,,,1.9,,,,,,,,,,120,,,,,,
40824.43495,40824,43495,4.3002,EnhancedMAUT,0,,,1800,,,,,,,,0.5,,,,,,,,,,,,,,,,,,1.9,,,,,,,,,,120,,,,,,
40824.43725,40824,43725,4.3002,EnhancedMAUT,0,,,1800,,,,,,,,0.5,,,,,,,,,,,,,,,,,,1.9,,,,,,,,,,120,,,,,,
40824.44914,40824,44914,4.3002,EnhancedMAUT,0,,,1800,,,,,,,,0.5,,,,,,,,,,,,,,,,,,1.9,,,,,,,,,,120,,,,,,
43495.40819,43495,40819,4.3002,EnhancedMAUT,0,,,,,,,,,,,,,,,,,,,,,,,,,,,,,,,,,,,,,,,,,5,,,,
43495.40824,43495,40824,4.3002,EnhancedMAUT,0,,,,,,,,,,,,,,,,,,,,,,,,,,,,,,,,,,,,,,,,,5,,,,
43495.43317,43495,43317,4.3002,EnhancedMAUT,0,,,,,,,,,,,,,,,,,,,,,,,,,,,,,,,,,,,,,,,,,5,,,,
43495.43335,43495,43335,4.3002,EnhancedMAUT,0,,,,,,,,,,,,,,,,,,,,,,,,,,,,,,,,,,,,,,,,,5,,,,
43495.43725,43495,43725,4.3002,EnhancedMAUT,0,,,,,,,,,,,,,,,,,,,,,,,,,,,,,,,,,,,,,,,,,5,,,,
43495.44914,43495,44914,4.3002,EnhancedMAUT,0,,,,,,,,,,,,,,,,,,,,,,,,,,,,,,,,,,,,,,,,,5,,,,
45444.45427,45444,45427,4.3821,EnhancedMAUT,0,,,1800,,,,,,,,,,,,,,,,,,,,,,,,,,,,,,,,,,,,,,,,,,
45444.45437,45444,45437,4.3821,EnhancedMAUT,0,,,1800,,,,,,,,,,,,,,,,,,,,,,,,,,,,,,,,,,,,,,,,,,
45444.45577,45444,45577,4.3821,EnhancedMAUT,0,,,1800,,,,,,,,,,,,,,,,,,,,,,,,,,,,,,,,,,,,,,,,,,
45577.45427,45577,45427,4.3821,EnhancedMAUT,0,,,1200,,,,,,,,,,,,1,,,,,,,,,,,,,,2.0,,,,,,,,,,150,,,,,,
45577.45437,45577,45437,4.3821,EnhancedMAUT,0,,,1200,,,,,,,,,,,,1,,,,,,,,,,,,,,2.0,,,,,,,,,,150,,,,,,
45577.45444,45577,45444,4.3821,EnhancedMAUT,0,,,1200,,,,,,,,,,,,1,,,,,,,,,,,,,,2.0,,,,,,,,,,150,,,,,,
46317.40709,46317,40709,5.4745,EnhancedMAUT,0,400,,,,,,,,,,.2,,3,,150,,,,,,15,,,,,,,,,,,,,,,,,,30,,3.5,,,,
46317.40724,46317,40724,5.4745,EnhancedMAUT,0,400,,,,,,,,,,.2,,3,,150,,,,,,15,,,,,,,,,,,,,,,,,,30,,3.5,,,,
46317.40765,46317,40765,5.4745,EnhancedMAUT,0,400,,,,,,,,,,.2,,3,,150,,,,,,15,,,,,,,,,,,,,,,,,,30,,3.5,,,,
42330.42290,42330,42290,6.2360,EnhancedMAUT,0,1000.0,,2500.0,,100,,300.0,,38.0,,0.4,,8.0,,400.0,,19.0,,4700.0,,56.0,,,,750.0,,,,1.5,,130.0,,,,3000.0,,1.3,,90.0,,4,,,,
42110.42107,42110,42107,6.2876,EnhancedMAUT,0,,,,,,,,,,,0.4,,,,,,,,,,60,,,,750,,,,,,,,,,,,,,,,5,,,,
42110.42135,42110,42135,6.2876,EnhancedMAUT,0,,,,,,,,,,,0.4,,,,,,,,,,60,,,,750,,,,,,,,,,,,,,,,5,,,,
42110.44892,42110,44892,6.2876,EnhancedMAUT,0,,,,,,,,,,,0.4,,,,,,,,,,60,,,,750,,,,,,,,,,,,,,,,5,,,,
42110.44920,42110,44920,6.2876,EnhancedMAUT,0,,,,,,,,,,,0.4,,,,,,,,,,60,,,,750,,,,,,,,,,,,,,,,5,,,,
42110.45037,42110,45037,6.2876,EnhancedMAUT,0,,,,,,,,,,,0.4,,,,,,,,,,60,,,,750,,,,,,,,,,,,,,,,5,,,,
42110.45062,42110,45062,6.2876,EnhancedMAUT,0,,,,,,,,,,,0.4,,,,,,,,,,60,,,,750,,,,,,,,,,,,,,,,5,,,,
45037.42107,45037,42107,6.2876,EnhancedMAUT,0,,,,,,,,,,,,,,,,,,,,,,,,,1200.0,,,,,,,,,,,,,,,,,,,,
45037.42110,45037,42110,6.2876,EnhancedMAUT,0,,,,,,,,,,,,,,,,,,,,,,,,,1200.0,,,,,,,,,,,,,,,,,,,,
45037.42135,45037,42135,6.2876,EnhancedMAUT,0,,,,,,,,,,,,,,,,,,,,,,,,,1200.0,,,,,,,,,,,,,,,,,,,,
45037.44892,45037,44892,6.2876,EnhancedMAUT,0,,,,,,,,,,,,,,,,,,,,,,,,,1200.0,,,,,,,,,,,,,,,,,,,,
45037.44920,45037,44920,6.2876,EnhancedMAUT,0,,,,,,,,,,,,,,,,,,,,,,,,,1200.0,,,,,,,,,,,,,,,,,,,,
45037.45062,45037,45062,6.2876,EnhancedMAUT,0,,,,,,,,,,,,,,,,,,,,,,,,,1200.0,,,,,,,,,,,,,,,,,,,,
45062.42107,45062,42107,6.2876,EnhancedMAUT,0,,,2500.0,,,,,,7.6,,,,,,,,,,,,,,,,150.0,,200,,,,,,,,,,,,,,,,,,
45062.42110,45062,42110,6.2876,EnhancedMAUT,0,,,2500.0,,,,,,7.6,,,,,,,,,,,,,,,,150.0,,200,,,,,,,,,,,,,,,,,,
45062.42135,45062,42135,6.2876,EnhancedMAUT,0,,,2500.0,,,,,,7.6,,,,,,,,,,,,,,,,150.0,,200,,,,,,,,,,,,,,,,,,
45062.44892,45062,44892,6.2876,EnhancedMAUT,0,,,2500.0,,,,,,7.6,,,,,,,,,,,,,,,,150.0,,200,,,,,,,,,,,,,,,,,,
45062.44920,45062,44920,6.2876,EnhancedMAUT,0,,,2500.0,,,,,,7.6,,,,,,,,,,,,,,,,150.0,,200,,,,,,,,,,,,,,,,,,
45062.45037,45062,45037,6.2876,EnhancedMAUT,0,,,2500.0,,,,,,7.6,,,,,,,,,,,,,,,,150.0,,200,,,,,,,,,,,,,,,,,,
41067.41010,41067,41010,6.6551,EnhancedMAUT,0,1000,,,,,,,,,,.4,,,,,,19,,,,,,,,750,,,,,,,,,,,,,,,,5,,,,
43502.40720,43502,40720,7.4675,EnhancedMAUT,0,,,,,,,,,,,0.6,,,,,,18,,,,61,,,,,,,,1.5,,,,,,4000,,,,100,,,,,,
43502.43339,43502,43339,7.4675,EnhancedMAUT,0,,,,,,,,,,,0.6,,,,,,18,,,,61,,,,,,,,1.5,,,,,,4000,,,,100,,,,,,
43502.44747,43502,44747,7.4675,EnhancedMAUT,0,,,,,,,,,,,0.6,,,,,,18,,,,61,,,,,,,,1.5,,,,,,4000,,,,100,,,,,,
43502.45035,43502,45035,7.4675,EnhancedMAUT,0,,,,,,,,,,,0.6,,,,,,18,,,,61,,,,,,,,1.5,,,,,,4000,,,,100,,,,,,
43502.45712,43502,45712,7.4675,EnhancedMAUT,0,,,,,,,,,,,0.6,,,,,,18,,,,61,,,,,,,,1.5,,,,,,4000,,,,100,,,,,,
43502.45939,43502,45939,7.4675,EnhancedMAUT,0,,,,,,,,,,,0.6,,,,,,18,,,,61,,,,,,,,1.5,,,,,,4000,,,,100,,,,,,
45035.40720,45035,40720,7.4675,EnhancedMAUT,0,,,,,,,,,,,,,,,,,,,,,,,,,,,,,,,,,,,,,,,,,5,,,,
45035.43339,45035,43339,7.4675,EnhancedMAUT,0,,,,,,,,,,,,,,,,,,,,,,,,,,,,,,,,,,,,,,,,,5,,,,
45035.43502,45035,43502,7.4675,EnhancedMAUT,0,,,,,,,,,,,,,,,,,,,,,,,,,,,,,,,,,,,,,,,,,5,,,,
45035.44747,45035,44747,7.4675,EnhancedMAUT,0,,,,,,,,,,,,,,,,,,,,,,,,,,,,,,,,,,,,,,,,,5,,,,
45035.45712,45035,45712,7.4675,EnhancedMAUT,0,,,,,,,,,,,,,,,,,,,,,,,,,,,,,,,,,,,,,,,,,5,,,,
45035.45939,45035,45939,7.4675,EnhancedMAUT,0,,,,,,,,,,,,,,,,,,,,,,,,,,,,,,,,,,,,,,,,,5,,,,
45939.40720,45939,40720,7.4675,EnhancedMAUT,0,1000,,2000,,,,,,,,,,,,,,,,,,60,,,,,,,,,,,,,,4000,,,,100,,4,,,,
45939.43339,45939,43339,7.4675,EnhancedMAUT,0,1000,,2000,,,,,,,,,,,,,,,,,,60,,,,,,,,,,,,,,4000,,,,100,,4,,,,
45939.43502,45939,43502,7.4675,EnhancedMAUT,0,1000,,2000,,,,,,,,,,,,,,,,,,60,,,,,,,,,,,,,,4000,,,,100,,4,,,,
45939.44747,45939,44747,7.4675,EnhancedMAUT,0,1000,,2000,,,,,,,,,,,,,,,,,,60,,,,,,,,,,,,,,4000,,,,100,,4,,,,
45939.45035,45939,45035,7.4675,EnhancedMAUT,0,1000,,2000,,,,,,,,,,,,,,,,,,60,,,,,,,,,,,,,,4000,,,,100,,4,,,,
45939.45712,45939,45712,7.4675,EnhancedMAUT,0,1000,,2000,,,,,,,,,,,,,,,,,,60,,,,,,,,,,,,,,4000,,,,100,,4,,,,
41017.41012,41017,41012,7.5582,EnhancedMAUT,0,,,,,,,,,,,,,,,,,,,,,,,,,,,,,,,,,,,40000,,,,100,,,,,,
41055.41015,41055,41015,8.5668,EnhancedMAUT,0,,,,,,,,,,,0.4,,,,800.0,,38.0,,,,,,,,,,,,,,,,,,6000.0,,2.6,,,,,,,,
41055.41065,41055,41065,8.5668,EnhancedMAUT,0,,,,,,,,,,,0.4,,,,800.0,,38.0,,,,,,,,,,,,,,,,,,6000.0,,2.6,,,,,,,,
41055.41869,41055,41869,8.5668,EnhancedMAUT,0,,,,,,,,,,,0.4,,,,800.0,,38.0,,,,,,,,,,,,,,,,,,6000.0,,2.6,,,,,,,,
41055.41990,41055,41990,8.5668,EnhancedMAUT,0,,,,,,,,,,,0.4,,,,800.0,,38.0,,,,,,,,,,,,,,,,,,6000.0,,2.6,,,,,,,,
41065.41015,41065,41015,8.5668,EnhancedMAUT,0,,,600,,,,,,15,,,,,,,,,,,,,,,,,,,,,,,,,,,,,,,,4,,,,
41065.41055,41065,41055,8.5668,EnhancedMAUT,0,,,600,,,,,,15,,,,,,,,,,,,,,,,,,,,,,,,,,,,,,,,4,,,,
41065.41869,41065,41869,8.5668,EnhancedMAUT,0,,,600,,,,,,15,,,,,,,,,,,,,,,,,,,,,,,,,,,,,,,,4,,,,
41065.41990,41065,41990,8.5668,EnhancedMAUT,0,,,600,,,,,,15,,,,,,,,,,,,,,,,,,,,,,,,,,,,,,,,4,,,,
43319.41965,43319,41965,9.626,EnhancedMAUT,0,1400.0,,1500.0,,,,,,,,,,,,,,11.25,,,,,,,,,,,,,,,,,,,,,,,,3,,,,
43319.42844,43319,42844,9.626,EnhancedMAUT,0,1400.0,,1500.0,,,,,,,,,,,,,,11.25,,,,,,,,,,,,,,,,,,,,,,,,3,,,,
43319.43337,43319,43337,9.626,EnhancedMAUT,0,1400.0,,1500.0,,,,,,,,,,,,,,11.25,,,,,,,,,,,,,,,,,,,,,,,,3,,,,
43319.43727,43319,43727,9.626,EnhancedMAUT,0,1400.0,,1500.0,,,,,,,,,,,,,,11.25,,,,,,,,,,,,,,,,,,,,,,,,3,,,,
43319.43745,43319,43745,9.626,EnhancedMAUT,0,1400.0,,1500.0,,,,,,,,,,,,,,11.25,,,,,,,,,,,,,,,,,,,,,,,,3,,,,
43319.43800,43319,43800,9.626,EnhancedMAUT,0,1400.0,,1500.0,,,,,,,,,,,,,,11.25,,,,,,,,,,,,,,,,,,,,,,,,3,,,,
43319.44890,43319,44890,9.626,EnhancedMAUT,0,1400.0,,1500.0,,,,,,,,,,,,,,11.25,,,,,,,,,,,,,,,,,,,,,,,,3,,,,
43319.44910,43319,44910,9.626,EnhancedMAUT,0,1400.0,,1500.0,,,,,,,,,,,,,,11.25,,,,,,,,,,,,,,,,,,,,,,,,3,,,,
43319.45059,43319,45059,9.626,EnhancedMAUT,0,1400.0,,1500.0,,,,,,,,,,,,,,11.25,,,,,,,,,,,,,,,,,,,,,,,,3,,,,
43319.45422,43319,45422,9.626,EnhancedMAUT,0,1400.0,,1500.0,,,,,,,,,,,,,,11.25,,,,,,,,,,,,,,,,,,,,,,,,3,,,,
43319.45435,43319,45435,9.626,EnhancedMAUT,0,1400.0,,1500.0,,,,,,,,,,,,,,11.25,,,,,,,,,,,,,,,,,,,,,,,,3,,,,
43337.41965,43337,41965,9.626,EnhancedMAUT,0,,,1500,,,,,,,,,,,,,,,,,,,,,,,,,,,,,,,,,,,,,,,,,,
43337.42844,43337,42844,9.626,EnhancedMAUT,0,,,1500,,,,,,,,,,,,,,,,,,,,,,,,,,,,,,,,,,,,,,,,,,
43337.43319,43337,43319,9.626,EnhancedMAUT,0,,,1500,,,,,,,,,,,,,,,,,,,,,,,,,,,,,,,,,,,,,,,,,,
43337.43727,43337,43727,9.626,EnhancedMAUT,0,,,1500,,,,,,,,,,,,,,,,,,,,,,,,,,,,,,,,,,,,,,,,,,
43337.43745,43337,43745,9.626,EnhancedMAUT,0,,,1500,,,,,,,,,,,,,,,,,,,,,,,,,,,,,,,,,,,,,,,,,,
43337.43800,43337,43800,9.626,EnhancedMAUT,0,,,1500,,,,,,,,,,,,,,,,,,,,,,,,,,,,,,,,,,,,,,,,,,
43337.44890,43337,44890,9.626,EnhancedMAUT,0,,,1500,,,,,,,,,,,,,,,,,,,,,,,,,,,,,,,,,,,,,,,,,,
43337.44910,43337,44910,9.626,EnhancedMAUT,0,,,1500,,,,,,,,,,,,,,,,,,,,,,,,,,,,,,,,,,,,,,,,,,
43337.45059,43337,45059,9.626,EnhancedMAUT,0,,,1500,,,,,,,,,,,,,,,,,,,,,,,,,,,,,,,,,,,,,,,,,,
43337.45422,43337,45422,9.626,EnhancedMAUT,0,,,1500,,,,,,,,,,,,,,,,,,,,,,,,,,,,,,,,,,,,,,,,,,
43337.45435,43337,45435,9.626,EnhancedMAUT,0,,,1500,,,,,,,,,,,,,,,,,,,,,,,,,,,,,,,,,,,,,,,,,,
44890.41965,44890,41965,9.626,EnhancedMAUT,0,,,,,,,,,,,,,,,,,3,,,,,,,,,,,,,,,,,,,,,,,,5,,,,
44890.42844,44890,42844,9.626,EnhancedMAUT,0,,,,,,,,,,,,,,,,,3,,,,,,,,,,,,,,,,,,,,,,,,5,,,,
44890.43319,44890,43319,9.626,EnhancedMAUT,0,,,,,,,,,,,,,,,,,3,,,,,,,,,,,,,,,,,,,,,,,,5,,,,
44890.43337,44890,43337,9.626,EnhancedMAUT,0,,,,,,,,,,,,,,,,,3,,,,,,,,,,,,,,,,,,,,,,,,5,,,,
44890.43727,44890,43727,9.626,EnhancedMAUT,0,,,,,,,,,,,,,,,,,3,,,,,,,,,,,,,,,,,,,,,,,,5,,,,
44890.43745,44890,43745,9.626,EnhancedMAUT,0,,,,,,,,,,,,,,,,,3,,,,,,,,,,,,,,,,,,,,,,,,5,,,,
44890.43800,44890,43800,9.626,EnhancedMAUT,0,,,,,,,,,,,,,,,,,3,,,,,,,,,,,,,,,,,,,,,,,,5,,,,
44890.44910,44890,44910,9.626,EnhancedMAUT,0,,,,,,,,,,,,,,,,,3,,,,,,,,,,,,,,,,,,,,,,,,5,,,,
44890.45059,44890,45059,9.626,EnhancedMAUT,0,,,,,,,,,,,,,,,,,3,,,,,,,,,,,,,,,,,,,,,,,,5,,,,
44890.45422,44890,45422,9.626,EnhancedMAUT,0,,,,,,,,,,,,,,,,,3,,,,,,,,,,,,,,,,,,,,,,,,5,,,,
44890.45435,44890,45435,9.626,EnhancedMAUT,0,,,,,,,,,,,,,,,,,3,,,,,,,,,,,,,,,,,,,,,,,,5,,,,
44910.41965,44910,41965,9.626,EnhancedMAUT,0,1400,,1500,,,,300,,25,,0.4,,8,,400,,13,,4700,,46,,,,1500,,,,1.1,,130,,,,3000,,1.3,,90,,,,,,
44910.42844,44910,42844,9.626,EnhancedMAUT,0,1400,,1500,,,,300,,25,,0.4,,8,,400,,13,,4700,,46,,,,1500,,,,1.1,,130,,,,3000,,1.3,,90,,,,,,
44910.43319,44910,43319,9.626,EnhancedMAUT,0,1400,,1500,,,,300,,25,,0.4,,8,,400,,13,,4700,,46,,,,1500,,,,1.1,,130,,,,3000,,1.3,,90,,,,,,
44910.43337,44910,43337,9.626,EnhancedMAUT,0,1400,,1500,,,,300,,25,,0.4,,8,,400,,13,,4700,,46,,,,1500,,,,1.1,,130,,,,3000,,1.3,,90,,,,,,
44910.43727,44910,43727,9.626,EnhancedMAUT,0,1400,,1500,,,,300,,25,,0.4,,8,,400,,13,,4700,,46,,,,1500,,,,1.1,,130,,,,3000,,1.3,,90,,,,,,
44910.43745,44910,43745,9.626,EnhancedMAUT,0,1400,,1500,,,,300,,25,,0.4,,8,,400,,13,,4700,,46,,,,1500,,,,1.1,,130,,,,3000,,1.3,,90,,,,,,
44910.43800,44910,43800,9.626,EnhancedMAUT,0,1400,,1500,,,,300,,25,,0.4,,8,,400,,13,,4700,,46,,,,1500,,,,1.1,,130,,,,3000,,1.3,,90,,,,,,
44910.44890,44910,44890,9.626,EnhancedMAUT,0,1400,,1500,,,,300,,25,,0.4,,8,,400,,13,,4700,,46,,,,1500,,,,1.1,,130,,,,3000,,1.3,,90,,,,,,
44910.45059,44910,45059,9.626,EnhancedMAUT,0,1400,,1500,,,,300,,25,,0.4,,8,,400,,13,,4700,,46,,,,1500,,,,1.1,,130,,,,3000,,1.3,,90,,,,,,
44910.45422,44910,45422,9.626,EnhancedMAUT,0,1400,,1500,,,,300,,25,,0.4,,8,,400,,13,,4700,,46,,,,1500,,,,1.1,,130,,,,3000,,1.3,,90,,,,,,
44910.45435,44910,45435,9.626,EnhancedMAUT,0,1400,,1500,,,,300,,25,,0.4,,8,,400,,13,,4700,,46,,,,1500,,,,1.1,,130,,,,3000,,1.3,,90,,,,,,
45422.41965,45422,41965,9.626,EnhancedMAUT,0,,,1500,,,,,,,,,,,,,,13,,,,,,,,,,,,,,130,,,,,,,,,,,,,,
45422.42844,45422,42844,9.626,EnhancedMAUT,0,,,1500,,,,,,,,,,,,,,13,,,,,,,,,,,,,,130,,,,,,,,,,,,,,
45422.43319,45422,43319,9.626,EnhancedMAUT,0,,,1500,,,,,,,,,,,,,,13,,,,,,,,,,,,,,130,,,,,,,,,,,,,,
45422.43337,45422,43337,9.626,EnhancedMAUT,0,,,1500,,,,,,,,,,,,,,13,,,,,,,,,,,,,,130,,,,,,,,,,,,,,
45422.43727,45422,43727,9.626,EnhancedMAUT,0,,,1500,,,,,,,,,,,,,,13,,,,,,,,,,,,,,130,,,,,,,,,,,,,,
45422.43745,45422,43745,9.626,EnhancedMAUT,0,,,1500,,,,,,,,,,,,,,13,,,,,,,,,,,,,,130,,,,,,,,,,,,,,
45422.43800,45422,43800,9.626,EnhancedMAUT,0,,,1500,,,,,,,,,,,,,,13,,,,,,,,,,,,,,130,,,,,,,,,,,,,,
45422.44890,45422,44890,9.626,EnhancedMAUT,0,,,1500,,,,,,,,,,,,,,13,,,,,,,,,,,,,,130,,,,,,,,,,,,,,
45422.44910,45422,44910,9.626,EnhancedMAUT,0,,,1500,,,,,,,,,,,,,,13,,,,,,,,,,,,,,130,,,,,,,,,,,,,,
45422.45059,45422,45059,9.626,EnhancedMAUT,0,,,1500,,,,,,,,,,,,,,13,,,,,,,,,,,,,,130,,,,,,,,,,,,,,
45422.45435,45422,45435,9.626,EnhancedMAUT,0,,,1500,,,,,,,,,,,,,,13,,,,,,,,,,,,,,130,,,,,,,,,,,,,,
45435.41965,45435,41965,9.626,EnhancedMAUT,0,5000,,500,,,,,,,,,,,,,,4,,,,,,,,,,,,,,40,,,,,,,,,,5,,,,
45435.42844,45435,42844,9.626,EnhancedMAUT,0,5000,,500,,,,,,,,,,,,,,4,,,,,,,,,,,,,,40,,,,,,,,,,5,,,,
45435.43319,45435,43319,9.626,EnhancedMAUT,0,5000,,500,,,,,,,,,,,,,,4,,,,,,,,,,,,,,40,,,,,,,,,,5,,,,
45435.43337,45435,43337,9.626,EnhancedMAUT,0,5000,,500,,,,,,,,,,,,,,4,,,,,,,,,,,,,,40,,,,,,,,,,5,,,,
45435.43727,45435,43727,9.626,EnhancedMAUT,0,5000,,500,,,,,,,,,,,,,,4,,,,,,,,,,,,,,40,,,,,,,,,,5,,,,
45435.43745,45435,43745,9.626,EnhancedMAUT,0,5000,,500,,,,,,,,,,,,,,4,,,,,,,,,,,,,,40,,,,,,,,,,5,,,,
45435.43800,45435,43800,9.626,EnhancedMAUT,0,5000,,500,,,,,,,,,,,,,,4,,,,,,,,,,,,,,40,,,,,,,,,,5,,,,
45435.44890,45435,44890,9.626,EnhancedMAUT,0,5000,,500,,,,,,,,,,,,,,4,,,,,,,,,,,,,,40,,,,,,,,,,5,,,,
45435.44910,45435,44910,9.626,EnhancedMAUT,0,5000,,500,,,,,,,,,,,,,,4,,,,,,,,,,,,,,40,,,,,,,,,,5,,,,
45435.45059,45435,45059,9.626,EnhancedMAUT,0,5000,,500,,,,,,,,,,,,,,4,,,,,,,,,,,,,,40,,,,,,,,,,5,,,,
45435.45422,45435,45422,9.626,EnhancedMAUT,0,5000,,500,,,,,,,,,,,,,,4,,,,,,,,,,,,,,40,,,,,,,,,,5,,,,
