id,worker,scenario,paradigm,iteration,calcium_min,calcium_max,calories_min,calories_max,caloriesFromFat_min,caloriesFromFat_max,cholesterol_min,cholesterol_max,dietaryFiber_min,dietaryFiber_max,folate_min,folate_max,iron_min,iron_max,magnesium_min,magnesium_max,niacin_min,niacin_max,potassium_min,potassium_max,protein_min,protein_max,saturatedFat_min,saturatedFat_max,sodium_min,sodium_max,sugars_min,sugars_max,thiamin_min,thiamin_max,totalCarbohydrates_min,totalCarbohydrates_max,totalFat_min,totalFat_max,vitaminA_min,vitaminA_max,vitaminB6_min,vitaminB6_max,vitaminC_min,vitaminC_max,rating_min,rating_max,order1,order2,order3
40512,76,14.2832,Faceted,0,,,,,,,,,,,,,,,,,,,,,,,,,,,,,,,350,,,,,,,,,,,,,,
40709,118,5.4745,Faceted,0,,,,,,,,,,,,,,,,,,,,,,,,,,,,,,,,,,,,,,,,,3.0,,,,
40709,118,5.4745,Faceted,1,,,2000,2200,,,,,,,,,,,,,,,,,,,,,,,,,,,,,,,,,,,,,3.0,,,,
40709,118,5.4745,Faceted,2,,,2000,2200,,,,,,,,,,,,,,,,,60,80,,,,,,,,,,,,,,,,,,,3.0,,,,
40709,118,5.4745,Faceted,3,,,2000,2200,,,,,,,,,20,25,,,,,,,60,80,,,,,,,,,,,,,,,,,,,3.0,,,,
40709,118,5.4745,Faceted,4,,,2000,2200,,,,,,,,,20,25,450,500,,,,,60,80,,,,,,,,,,,,,,,,,,,3.0,,,,
40709,118,5.4745,Faceted,5,,,2000,2200,,,,,,,0.7,0.9,20,25,450,500,,,,,60,80,,,,,,,,,,,,,,,,,,,3.0,,,,
40720,121,7.4675,Faceted,0,,,,,,,,,,,,,,,,,,,,,,,,,,,,,,,,,,,,,,,,,4.5,,,,
40722,121,10.619,Faceted,0,,,,2000,,,,,,,,,,,,,,,,,,,,,,,,,,,,,,,,,,,,,,,,,
40724,121,5.4745,SortedBoolean,0,,,,,,,,,,,,,,,,,,,,,,,,,,,,,,,,,,,,,,,180.0,270.0,,,,,
40735,124,15.958,EnhancedMAUT,0,,,,,,,,,,,,,,,,,,,,,,,,,,,,,,,,,,,,,,,,,5,,,,
40735,124,15.958,EnhancedMAUT,1,800,,2000,,600,,300,,25,,0.33,,6,,330,,12,,4700,,46,,22,,1500,,,,1.0,,130,,65,,2000,,1.1,,75,,,,,,
40765,131,5.4745,Faceted,0,,,,,,,,,,,,,,,,,,,,,,,,,,,,,,,,,,,,,,,,,4.0,,,,
40767,131,15.958,SortedBoolean,0,,,,,,,,,,,,,,,,,,,,,,,,,,,,,,,,,,,,,,,,,4.0,4.5,,,
40767,131,15.958,SortedBoolean,1,,,,,,,,,,,,,,,,,,,,,,,,,,,,,,,,,,,,,,,,,3.0,3.5,,,
40769,131,8.647,Faceted,0,,,,,,,,,,,,,,,,,,,,,,,,,,,,,,,,,,,,,,,,,3.5,,,,
40769,131,8.647,Faceted,1,,,,,,,,,,,,,,,,,,,,,,,,,,,,,,,,,,,,,,,,,4.0,,,,
40775,134,10.619,SortedBoolean,0,,,,,,,,,,,,,,,,,,,,,,,,,,,,,,,,,,,,,,,,,2,4,,,
40775,134,10.619,SortedBoolean,1,,,500,1000,,,,,,,,,,,,,,,,,200,500,,,,,,,,,,,,,,,,,,,2,4,,,
40775,134,10.619,SortedBoolean,2,,,500,1000,,,,,,,,,,,,,,,,,,,,,,,,,,,,,,,,,,,,,2,4,,,
40775,134,10.619,SortedBoolean,3,,,,,,,,,,,,,,,,,,,,,,,,,,,,,,,,,,,,,,,,,2,4,,,
40790,136,10.619,Faceted,0,,,,,,,,,,,,,,,,,,,,,,,,,,,,,,,,,,,,,,,,,4.5,,,,
40795,138,8.647,SortedBoolean,0,,,2400,2100,,,,,,,,,,,,,,,,,,,,,,,,,,,,,,,,,,,,,,,,,
40795,138,8.647,SortedBoolean,1,,,2400,2100,,,,,,,,,,,,,12,35,,,,,,,,,,,,,,,,,,,,,,,,,,,
40797,138,10.619,Faceted,0,,,2000,2200,,,,,,,,,,,,,,,,,,,,,,,,,,,,,,,,,,,,,2.0,,,,
40797,138,10.619,Faceted,1,,,2000,2200,,,,,,,,,,,,,,,,,,60,,,,,,,,,,,,,,,,,,,2.0,,,,
40797,138,10.619,Faceted,2,,,2000,2200,,,,,,,,,,,,,,,,,,60,,,,,,,,,,175,,,,,,,,,2.0,,,,
40799,138,16.2344,Faceted,0,,,2000,2200,,,,,,,,,,,,,,,,,,,,,,,,,,,,,,,,,,,,,,,,,
40799,138,16.2344,Faceted,1,,,2000,2200,,,,,,,,,,,,,,,,2000,,,,,,,,,,,,,,,,,,,,,,,,,
40799,138,16.2344,Faceted,2,,,2000,2200,,,,300,,,,,,,,,,,,2000,,,,,,,,,,,,,,,,,,,,,,,,,
40819,141,4.3002,SortedBoolean,0,,,,,,,,,,,0.3,1,,,,,,,,,,,,,2100,2300,,,,,,,,,,,,,,,,,,,
40822,142,11.2959,Faceted,0,,,,,,,,,,,,,,,,,,,,,,,,,,2500,,,,,,,,,,,,,,,,,,,
40822,142,11.2959,Faceted,1,1400,1600,,,,,,,,,,,,,,,,,,,,,,,,2500,,,,,,,,,,,,,,,,,,,
40822,142,11.2959,Faceted,2,1400,1600,,,,,,,,,,,,,,,,,,,,,,,,2500,,,,,,,,,,,,,,,,,+protein,+magnesium,
40822,142,11.2959,Faceted,3,1400,1600,,,,,,,,,,,,,400,450,,,,,,,,,,2500,,,,,,,,,,,,,,,,,+protein,+magnesium,
40824,142,4.3002,EnhancedMAUT,0,,,1800,,,,,,,,0.5,,,,,,,,,,,,,,,,,,1.9,,,,,,,,,,120,,,,,,
40824,142,4.3002,EnhancedMAUT,1,,,1800,,,,,,,,0.5,,,,,,,,,,,,,,,,,,1.9,,,,,,,,,,120,,4,,,,
40865,153,16.2344,EnhancedMAUT,0,,,1400,,,,300,,,,,,,,,,,,2500,,,,,,2200,,,,,,,,,,,,,,100,,4,,,,
40867,153,18.2366,Faceted,0,,,,,,,,300,,,,,,,,,,,,,,,,,,,,,,,,,,,,,,,,,,,,,
40867,153,18.2366,Faceted,1,,,,,,,,300,,,,,,,,,,,4500,5000,,,,,,,,,,,,,,,,,,,,,,,,,
40867,153,18.2366,Faceted,2,1000,1200,,,,,,300,,,,,,,,,,,4500,5000,,,,,,,,,,,,,,,,,,,,,,,,,
40867,153,18.2366,Faceted,3,1000,1200,,,,,,300,,,,,,,,,,,4500,5000,,,,,,,,,,,,,,,,,,,,,3.0,,,,
40869,153,5.6047,SortedBoolean,0,1200,1350,,,,,,,,,1,3,10,15,450,525,,,,,55,70,,,,,,,,,,,,,,,,,110,130,3,5,,,
40869,153,5.6047,SortedBoolean,1,1200,1350,,,,,,,,,,,,,450,525,,,,,,,,,,,,,,,,,,,,,,,110,130,3,5,,,
40900,157,0.583,EnhancedMAUT,0,,,2500,,,,,,,,,,,,,,,,,,,,,,1500,,,,1.5,,,,,,,,,,,,,,,,
40940,164,0.583,Faceted,0,,,,,,,,,,,,,,,,,,,,,,,,,,,,,,,,,,,,,,,,,4.0,,,,
40940,164,0.583,Faceted,1,,,2400,2600,,,,,,,,,,,,,,,,,,,,,,,,,,,,,,,,,,,,,4.0,,,,
40940,164,0.583,Faceted,2,,,2400,2600,,,,,,,,,,,,,,,,,,,,,,2500,,,,,,,,,,,,,,,4.0,,,,
40940,164,0.583,Faceted,3,,,2400,2600,,,,,,,,,,,,,,,,,,,,,,2500,,,1.5,2.0,,,,,,,,,,,4.0,,,,
40944,164,3.3441,Faceted,0,,,,,,,,,,,,,,,,,,,,,,,,,,,,,1.5,2.0,,,,,,,,,,,,,,,
40944,164,3.3441,Faceted,1,,,,,,,,,,,,,,,,,,40,,,,,,,,,,,1.5,2.0,,,,,,,,,,,,,,,
40944,164,3.3441,Faceted,2,,,,,,,,,,,,,,,,,,40,,,,,,,,,,,1.5,2.0,,,,,,,1.5,2.0,,,,,,,
40944,164,3.3441,Faceted,3,,,,,,,,,,,,,,,,,,40,4500,5000,,,,,,,,,1.5,2.0,,,,,,,1.5,2.0,,,,,,,
40944,164,3.3441,Faceted,4,,,,,,,,,,,,,,,,,,40,4500,5000,,,,,,,,,1.5,2.0,,,,,,,1.5,2.0,,,3.0,,,,
40950,166,0.583,SortedBoolean,0,,,,,,,,,,,,,,,,,,,,,,,,,,2000,,,1.5,,,,,,,,,,,,3,,,,
40950,166,0.583,SortedBoolean,1,,,,2500,,,,,,,,,,,,,,,,,,,,,,1500,,,1.5,,,,,,,,,,,,3,,,,
40950,166,0.583,SortedBoolean,2,,,,2500,,,,,,,,,,,,,,,,,,,,,,1500,,,1.5,,,,,,,,,,,,5,,,,
40950,166,0.583,SortedBoolean,3,,,,2500,,,,,,,,,,,,,,,,,,,,,,1500,,,1.5,,,,,,,,,,,,4,,,,
40954,166,19.7433,Faceted,0,,,,,,,,,,,,,,,,,,,,,,,,,,,,,4.0,,,,,,,,,,,,,,,,
40954,166,19.7433,Faceted,1,,,,,,,,,,,,,,,,,50,60,,,,,,,,,,,4.0,,,,,,,,,,,,,,,,
40954,166,19.7433,Faceted,2,,,,,,,,,,,,,,,,,50,60,,,,,,,,,,,4.0,,,,,,,,,,,,3.5,,,,
40954,166,19.7433,Faceted,3,,,,,,,,,,,1.3,1.5,,,,,50,60,,,,,,,,,,,2.5,3.0,,,,,,,,,,,,,,,
40954,166,19.7433,Faceted,4,,,,,,,,,,,1.3,1.5,,,,,50,60,,,,,,,,,,,2.5,3.0,,,,,,,,,,,3.5,,,,
40975,170,0.583,Faceted,0,,,,,,,,,,,,,,,,,,,,,,,,,,,,,,,,,,,,,,,,,4.5,,+thiamin,+sodium,+calories
40979,170,19.7433,EnhancedMAUT,0,,,,,,,,,,,200,,,,,,150,,,,,,,,,,,,120,,,,,,,,120,,,,,,,,
41010,180,6.6551,Faceted,0,,,,,,,,,,,,,,,,,,,,,,,,,,,,,,,,,,,,,,,,,4.0,,,,
41012,180,7.5582,Faceted,0,,,,,,,,,,,,,,,,,,,,,,,,,,,,,,,,,,,,,,,,,4.0,,,,
41012,180,7.5582,Faceted,1,,,,,,,,,,,,,,,,,,,,,120,140,,,,,,,,,,,,,,,,,,,4.0,,,,
41012,180,7.5582,Faceted,2,,,,,,,,,,,,,,,,,,,,,120,140,,,,,,,,,,,,,6000,9000,,,,,4.0,,,,
41012,180,7.5582,Faceted,3,,,,,,,,,,,,,,,,,,,,,120,140,,,,,,,,,,,,,6000,9000,,,100,125,4.0,,,,
41015,181,8.5668,Faceted,0,,,2000,2200,,,,,,,,,,,,,,,,,,,,,,,,,,,,,,,,,,,,,,,,,
41017,181,7.5582,EnhancedMAUT,0,,,,,,,,,,,,,,,,,,,,,,,,,,,,,,,,,,,40000,,,,100,,,,,,
41019,181,18.2602,Faceted,0,,,,,,,,300,,,,,,,,,,,,,,,,,,,,,,,,,,,,,,,,,,,,,
41055,192,8.5668,EnhancedMAUT,0,,,,,,,,,,,0.4,,,,800.0,,38.0,,,,,,,,,,,,,,,,,,6000.0,,2.6,,,,,,,,
41055,192,8.5668,EnhancedMAUT,1,,,2500.0,,,,270.0,,,,0.4,,,,800.0,,38.0,,,,,,,,1500.0,,,,,,,,,,6000.0,,2.6,,,,,,,,
41055,192,8.5668,EnhancedMAUT,2,,,2250.0,,,,270.0,,76.0,,0.4,,,,800.0,,15.2,,,,,,,,1500.0,,,,1.2,,,,,,6000.0,,2.6,,,,3.5,,,,
41055,192,8.5668,EnhancedMAUT,3,,,2250.0,,,,270.0,,76.0,,0.4,,,,800.0,,15.2,,,,,,,,1500.0,,,,1.2,,,,,,6000.0,,2.6,,,,4.5,,,,
41057,192,6.6551,SortedBoolean,0,,2000.0,1750.0,2500.0,,,,,,,,0.8,,,,,,38.0,,,,,,,750.0,1200.0,,,,,,,,,,,,,,,4.5,5,,,
41059,192,15.1614,EnhancedMAUT,0,,,,,,,,,,,,,,,,,,,,,,,,,1200.0,,,,,,,,200,,6000.0,,2.6,,270.0,,4.5,,,,
41059,192,15.1614,EnhancedMAUT,1,,,1800.0,,800,,240.0,,25.0,,,,,,,,,,,,,,,,1200.0,,,,,,,,,,6000.0,,2.6,,270.0,,4.5,,,,
41059,192,15.1614,EnhancedMAUT,2,1000.0,,1800.0,,800,,240.0,,25.0,,0.4,,12.0,,600.0,,22.5,,,,,,,,1200.0,,,,1.65,,,,,,6000.0,,2.6,,270.0,,4.5,,,,
41065,193,8.5668,EnhancedMAUT,0,,,600,,,,,,15,,,,,,,,,,,,,,,,,,,,,,,,,,,,,,,,4,,,,
41065,193,8.5668,EnhancedMAUT,1,,,2300,,,,,,15,,,,,,,,,,,,,,,,,,,,,,,,,,,,,,,,4,,,,
41065,193,8.5668,EnhancedMAUT,2,,,2300,,,,,,58,,,,,,,,,,,,,,,,,,,,1.2,,,,,,,,,,,,4,,,,
41067,193,6.6551,EnhancedMAUT,0,1000,,,,,,,,,,.4,,,,,,19,,,,,,,,750,,,,,,,,,,,,,,,,5,,,,
41069,193,3.732,Faceted,0,,,,,,,,,,,,,,,,,,,,,,,,,,,,,,1.5,,,,,,,,,,,,,,,
41069,193,3.732,Faceted,1,,,,,,,,,,,,,,,,,,40,,,,,,,,,,,,1.5,,,,,,,,,,,,,,,
41069,193,3.732,Faceted,2,,,,,,,,,,,,,,,,,,40,,,,,,,,,,,,1.5,,,,,,,1.5,2.0,,,,,,,
41069,193,3.732,Faceted,3,,,,,,,,,,,,,,,,,,40,,,,,,,,,,,,1.5,,,,,,,1.5,2.0,,,4.0,,,,
41069,193,3.732,Faceted,4,,,2000,2200,,,,,,,,,,,,,,40,,,,,,,,,,,,1.5,,,,,,,1.5,2.0,,,4.0,,,,
41069,193,3.732,Faceted,5,,,2000,2200,,,,,,,,,,,,,,40,,,,,,,,,,,,1.5,,,,,,,1.5,2.0,75,100,4.0,,,,
41865,378,15.1614,SortedBoolean,0,,,,2000,,600,,,,,,,,,,,,,,,,,,,1500,2300,,,,,,,,,90,,,,3000,,,,,,
41865,378,15.1614,SortedBoolean,1,,,,2000,,600,,,,,,,,,,,,,,,,,,,1500,,,,,,,,,,90,,,,3000,,,,,,
41865,378,15.1614,SortedBoolean,2,,,,2000,,600,,,,,,,,,,,,,,,,,,,1500,,,,,,,,,,,,,,,,,,,,
41867,378,3.732,EnhancedMAUT,0,,,,,,,,,,,,,,,,,16,,,,,,,,,,,,1.3,,,,,,,,2,,,,,,,,
41867,378,3.732,EnhancedMAUT,1,,,2000,,,,,,,,,,,,,,16,,,,,,,,,,,,1.3,,,,,,,,2,,,,,,,,
41869,378,8.5668,Faceted,0,,,,,,,,,35,,,,,,,,,,,,,,,,,,,,,,,,,,,,,,,,,,,,
41869,378,8.5668,Faceted,1,,,,,,,,,35,,,,,,,,,,,,,,,,,,,,2.5,3.0,,,,,,,,,,,,,,,
41869,378,8.5668,Faceted,2,,,,,,,,,35,,,,,,,,,,,,,,,,,,,,4.0,,,,,,,,,,,,,,,,
41869,378,8.5668,Faceted,3,,,,,,,,,35,,,,,,,,100,,,,,,,,,,,,4.0,,,,,,,,,,,,,,,,
41869,378,8.5668,Faceted,4,,,,,,,,,35,,,,,,,,100,,,,,,,,,,,,4.0,,,,,,24000,,,,,,,,,,
41869,378,8.5668,Faceted,5,,,,,,,,,35,,,,,,650,,100,,,,,,,,,,,,4.0,,,,,,24000,,,,,,,,,,
41869,378,8.5668,Faceted,6,,,,,,,,,,,,,,,,,,,,,,,,,,,,,,,,,,,,,,,,,3.5,,,,
41869,378,8.5668,Faceted,7,,,,,,,,,35,,,,,,,,,,,,,,,,,,,,,,,,,,,,,,,,3.5,,,,
41869,378,8.5668,Faceted,8,,,,,,,,,35,,,,,,,,,,,,,,,,,,,,,1.5,,,,,,,,,,,3.5,,,,
41869,378,8.5668,Faceted,9,,,,,,,,,35,,,,,,,,,40,,,,,,,,,,,,1.5,,,,,,,,,,,3.5,,,,
41869,378,8.5668,Faceted,10,,,,,,,,,35,,,,,,,,,40,,,,,,,,,,,,1.5,,,,,24000,,,,,,3.5,,,,
41869,378,8.5668,Faceted,11,,,,,,,,,35,,,,,,400,450,,40,,,,,,,,,,,,1.5,,,,,24000,,,,,,3.5,,,,
41965,416,9.626,Faceted,0,,,,,,,,,,,,,,,,,,,,,,,,,,,,,,,,,,,,,,,,,4.0,,,,
41965,416,9.626,Faceted,1,1600,1800,,,,,,,,,,,,,,,,,,,,,,,,,,,,,,,,,,,,,,,4.0,,,,
41965,416,9.626,Faceted,2,1600,1800,,,,,,,,,,,,,,,,40,,,,,,,,,,,,,,,,,,,,,,,4.0,,,,
41990,424,8.5668,Faceted,0,,,,,,,,,,,,,,,,,,40,,,,,,,,,,,,,,,,,,,,,,,,,,,
41990,424,8.5668,Faceted,1,,,,,,,,,,,,,,,650,,,40,,,,,,,,,,,,,,,,,,,,,,,,,,,
41990,424,8.5668,Faceted,2,,,,,,,,,,,,,,,650,,,40,,,,,,,,,,,,,,,,,,,,,,,4.0,,,,
42105,455,3.6108,EnhancedMAUT,0,,,,,,,,,,,,,,,,,,,,,,,,,,,,,,,,,,,,,1.5,,,,,,,,
42105,455,3.6108,EnhancedMAUT,1,,,2000,,,,,,,,,,,,,,,,,,,,,,,,,,,,,,,,,,1.5,,90,,,,,,
42105,455,3.6108,EnhancedMAUT,2,,,2000,,,,,,,,,,,,,,15.1,,,,,,,,,,,,,,,,,,,,1.5,,90,,,,,,
42105,455,3.6108,EnhancedMAUT,3,,,2000,,,,300,,,,,,,,,,15.1,,,,,,,,1500,,,,,,,,,,,,1.5,,90,,,,,,
42105,455,3.6108,EnhancedMAUT,4,1000,,2000,,,,300,,25,,0.4,,8,,400,,15.1,,4700,,46,,,,1500,,,,1.3,,130,,,,3000,,1.5,,90,,,,,,
42107,455,6.2876,Faceted,0,,,,,,,,,,,,,,,,,,,,,,,,,,2500,,,,,,,,,,,,,,,,,,,
42107,455,6.2876,Faceted,1,,,,,,,,,,,,0.5,,,,,,,,,,,,,,2500,,,,,,,,,,,,,,,,,,,
42107,455,6.2876,Faceted,2,,,,,,,,,,,,0.5,,,,,,,,,,60,,,,2500,,,,,,,,,,,,,,,,,,,
42107,455,6.2876,Faceted,3,,,2400,2600,,,,,,,,0.5,,,,,,,,,,60,,,,2500,,,,,,,,,,,,,,,,,,,
42107,455,6.2876,Faceted,4,,,2400,2600,,,,,,,,0.5,,,,,,,2500,3000,,60,,,,2500,,,,,,,,,,,,,,,,,,,
42107,455,6.2876,Faceted,5,,,2400,2600,,,,,,,,0.5,,,,,,,,,,60,,,,2500,,,,,,,,,,,,,,,,,+sodium,,
42107,455,6.2876,Faceted,6,,,,,,,,,,,,0.5,,,,,,,,,,60,,,,2500,,,,,,,,,,,,,,,,,+sodium,+protein,+folate
42107,455,6.2876,Faceted,7,,,,,,,,,,,,0.5,,,,,,,,,,60,,,,2500,,,,,,,,,,,,,,,,,-sodium,+protein,+folate
42107,455,6.2876,Faceted,8,,,,,,,,,,,,0.5,,,,,,,,,,60,,,,2500,,,,,,,,,,,,,,,3.0,,-sodium,+protein,+folate
42107,455,6.2876,Faceted,9,,,,,,,,,,,,0.5,,,,,,,,,,60,,,,2500,,,,,,,,,,,,,,,3.0,,+sodium,+protein,+folate
42109,455,2.4724,Faceted,0,1400,1600,,,,,,,,,,,,,,,,,,,,,,,,,,,,,,,,,,,,,,,,,,,
42109,455,2.4724,Faceted,1,1400,1600,,,,,,,,,,,,,,,,,,,,60,,,,,,,,,,,,,,,,,,,,,,,
42109,455,2.4724,Faceted,2,1400,1600,,,,,,,,,,0.5,,,,,,,,,,60,,,,,,,,,,,,,,,,,,,,,,,
42109,455,2.4724,Faceted,3,1400,1600,,,,,,,,,,0.5,,,,,,,,,,60,,,,,,,,,,,,,,,,,,,,,-calcium,-iron,-magnesium
42110,457,6.2876,EnhancedMAUT,0,,,,,,,,,,,0.4,,,,,,,,,,60,,,,750,,,,,,,,,,,,,,,,5,,,,
42112,457,2.4724,EnhancedMAUT,0,1500,,,,,,,,,,0.4,,12,,500,,,,,,56,,,,,,,,,,,,,,,,,,,,5,,,,
42114,457,3.6108,Faceted,0,,,,,,,,,,,,,,,,,,,,,,,,,,,,,,,,,,,,,,,,,4.5,,,,
42114,457,3.6108,Faceted,1,,,,,,,,,,,,,,,,,,,,,,,,,,,,,,1.5,,,,,,,,,,,4.5,,,,
42114,457,3.6108,Faceted,2,,,,,,,,,,,,,,,,,,40,,,,,,,,,,,,1.5,,,,,,,,,,,4.5,,,,
42114,457,3.6108,Faceted,3,,,,,,,,,,,,,,,,,,40,,,,,,,,,,,,1.5,,,,,,,,,75,100,4.5,,,,
42135,460,6.2876,Faceted,0,,,,,,,,,,,,,,,,,,,,,,,,,,,,,,,,,,,,,,,,,4.0,,,,
42290,500,6.2360,SortedBoolean,0,,,,,,,,,,,,,,,,,,,,,,,,,,,,,,,,,,,,,,,,,3,5,,,
42292,500,0.5668,SortedBoolean,0,,,,,,,,,,,,,,,,,,,,,,,,,,,,,,,,,,,,,,,,,3,5,,,
42294,500,19.7431,EnhancedMAUT,0,,,,,,,,,,,,,,,,,,,,,,,,,,,,,,,,,,,,,,,,,3,,,,
42294,500,19.7431,EnhancedMAUT,1,,,,,,,,,,,,,,,,,,,,,,,,,,,,,,,,,,,,,,,,,4,,,,
42330,508,6.2360,EnhancedMAUT,0,1000.0,,2500.0,,100,,300.0,,38.0,,0.4,,8.0,,400.0,,19.0,,4700.0,,56.0,,,,750.0,,,,1.5,,130.0,,,,3000.0,,1.3,,90.0,,4,,,,
42330,508,6.2360,EnhancedMAUT,1,1000.0,,2500.0,,100,,300.0,,38.0,,0.4,,8.0,,400.0,,19.0,,4700.0,,56.0,,,,750.0,,,,1.5,,130.0,,,,3000.0,,1.3,,90.0,,3,,,,
42330,508,6.2360,EnhancedMAUT,2,1000.0,,2500.0,,100,,300.0,,38.0,,0.4,,8.0,,400.0,,19.0,,4700.0,,56.0,,,,750.0,,,,1.5,,130.0,,,,3000.0,,1.3,,90.0,,5,,,,
42330,508,6.2360,EnhancedMAUT,3,1000.0,,2500.0,,100,,300.0,,38.0,,0.4,,8.0,,400.0,,19.0,,4700.0,,56.0,,,,750.0,,,,1.5,,130.0,,,,3000.0,,1.3,,90.0,,3,,,,
42330,508,6.2360,EnhancedMAUT,4,1000.0,,2500.0,,100,,300.0,,38.0,,0.4,,8.0,,400.0,,19.0,,4700.0,,56.0,,,,750.0,,,,1.5,,130.0,,,,3000.0,,1.3,,90.0,,5,,,,
42330,508,6.2360,EnhancedMAUT,5,1000.0,,2500.0,,100,,300.0,,38.0,,0.4,,8.0,,400.0,,19.0,,4700.0,,56.0,,,,750.0,,,,1.5,,130.0,,,,3000.0,,1.3,,90.0,,4,,,,
42330,508,6.2360,EnhancedMAUT,6,1000.0,,2500.0,,100,,300.0,,38.0,,0.4,,8.0,,400.0,,19.0,,4700.0,,56.0,,,,750.0,,,,1.5,,130.0,,,,3000.0,,1.3,,90.0,,5,,,,
42330,508,6.2360,EnhancedMAUT,7,1000.0,,2500.0,,100,,300.0,,38.0,,0.4,,8.0,,400.0,,19.0,,4700.0,,56.0,,,,750.0,,,,1.5,,130.0,,,,3000.0,,1.3,,90.0,,3,,,,
42330,508,6.2360,EnhancedMAUT,8,1000.0,,2500.0,,100,,300.0,,38.0,,0.4,,8.0,,400.0,,19.0,,4700.0,,56.0,,,,750.0,,,,1.5,,130.0,,,,3000.0,,1.3,,90.0,,5,,,,
42332,508,0.5668,Faceted,0,,,,,,,,,,,,,,,,,,,,,,,,,,,,,,,,,,,,,,,,,4.5,,,,
42332,508,0.5668,Faceted,1,,,2400,2600,,,,,,,,,,,,,,,,,,,,,,,,,,,,,,,,,,,,,4.5,,,,
42332,508,0.5668,Faceted,2,,,2400,2600,,,,,,,,,,,,,,,,,,,,,,,,,,,,,100,120,,,,,,,4.5,,,,
42332,508,0.5668,Faceted,3,,,2400,2600,,,,,,,,,,,,,,,,,,,25,35,,,,,,,,,100,120,,,,,,,4.5,,,,
42332,508,0.5668,Faceted,4,,,,,,,,,,,,,,,,,,,,,,,,,,,,,,,,,,,,,,,,,4.5,,,,
42334,508,5.4192,Faceted,0,,,,,,,,,,,,,,,,,,,,,,,,,,,,,,,,,,,,,,,,,4.5,,,,
42340,511,0.5668,Faceted,0,,,,,,,,,,,,,,,,,,,,,,,,,,,,,,,,,,,3000,6000,,,,,,,,,
42340,511,0.5668,Faceted,1,,,,,,,,,,,,,,,,,,,,,,,,,,,,,,,,,,,3000,6000,,,,,4.5,,,,
42342,511,19.7431,Faceted,0,,,,,,,,,,,,,,,,,,,,,,,,,,,,,2.0,2.5,,,,,,,,,,,,,,,
42342,511,19.7431,Faceted,1,,,,,,,,,,,,,,,,,,,,,,,,,,,,,,,,,,,,,,,,,4.5,,,,
42344,511,13.773,EnhancedMAUT,0,,,,,,,,,,,,,,,,,,,,,,,,,,,,,,,,,,,,,,,,,4.5,,,,
42344,511,13.773,EnhancedMAUT,1,,,1500,,,,,,,,,,,,,,,,,,,,,,,,,,,,,,,,,,,,,,4.5,,,,
42595,580,13.773,Faceted,0,,,,,,,,,,,,,,,,,,,,,,,,,,,,,,,,,,,,,,,,,3.0,,,,
42597,580,5.4192,SortedBoolean,0,800.0,1000.0,,,,,,,,,0.32,0.4,6.4,8.0,,,,,3760.0,4700.0,36.8,46.0,,,,,,,,,,,,,,,,,72.0,90.0,,5,,,
42597,580,5.4192,SortedBoolean,1,,1000.0,,,,,,,,,,0.4,,8.0,,,,,,4700.0,,46.0,,,,,,,,,,,,,,,,,,90.0,,5,,,
42599,580,0.5668,SortedBoolean,0,,,,,,,,,,,,,,,,400.0,,19.0,,,,,,,,,,,,,,,,,,,,,,,,5,,,
42700,603,2.4722,Faceted,0,,,,,,900,,,,,,,,,,,,,,,,,,,,,,,,,,,,,,,,,,,,,,,
42700,603,2.4722,Faceted,1,,,,,,,,,,,,,,,,,,,,,,,,,,,,,,,,,,,,,,,,,4.0,,,,
42700,603,2.4722,Faceted,2,,,2600,2800,,,,,,,,,,,,,,,,,,,,,,,,,,,,,,,,,,,,,4.0,,,,
42700,603,2.4722,Faceted,3,800,1000,2600,2800,,,,,,,,,,,,,,,,,,,,,,,,,,,,,,,,,,,,,4.0,,,,
42700,603,2.4722,Faceted,4,800,1000,2600,2800,,,,,,,,,,,350,400,,,,,,,,,,,,,,,,,,,,,,,,,4.0,,,,
42702,603,12.7895,EnhancedMAUT,0,,,,,,,,,,,0.352,,,,,,,,,,,,,,,,,,1.305,,,,,,,,1.599,,74.7,,,,,,
42702,603,12.7895,EnhancedMAUT,1,,,,,,,,,,,0.352,,,,,,,,,,,,,,,,,,1.305,,,,,,,,1.599,,74.7,,4,,,,
42702,603,12.7895,EnhancedMAUT,2,,,,,,,,,,,0.34,,,,,,,,,,,,,,,,,,1.26,,,,,,,,1.69,,72.0,,4,,,,
42704,603,5.6042,Faceted,0,,,,,,,,,,,,,,,,,,,,,60,80,,,,,,,,,,,,,,,,,,,,,,,
42704,603,5.6042,Faceted,1,,,,,,,,,,,,,,,,,,,,,60,80,,,,,,,,,,,,,,,,,100,125,,,,,
42704,603,5.6042,Faceted,2,1200,1400,,,,,,,,,,,,,,,,,,,60,80,,,,,,,,,,,,,,,,,100,125,,,,,
42704,603,5.6042,Faceted,3,1200,1400,,,,,,,,,,,25,30,,,,,,,60,80,,,,,,,,,,,,,,,,,100,125,,,,,
42704,603,5.6042,Faceted,4,1200,1400,,,,,,,,,,,25,30,450,500,,,,,60,80,,,,,,,,,,,,,,,,,100,125,,,,,
42704,603,5.6042,Faceted,5,1200,1400,,,,,,,,,0.7,0.9,25,30,450,500,,,,,60,80,,,,,,,,,,,,,,,,,100,125,,,,,
42785,624,5.6042,SortedBoolean,0,,,,,,,,,,,,,,,,,,,,,,,,,,,,,,,,,,,,,,,,,3,5,,,
42785,624,5.6042,SortedBoolean,1,,,,,,,,,,,,,,,,,,,,,,,,,,,1,10,,,,,,,,,,,,,3,5,,,
42787,624,12.7895,SortedBoolean,0,,,,,,,,,,,100,,,,,,,,,,,,,,,,,,,,,,,,,,,,,,,,,,
42787,624,12.7895,SortedBoolean,1,,,,,,,,,,,10,,,,,,,,,,,,,,,,,,,,,,,,,,,,,,,,,,
42787,624,12.7895,SortedBoolean,2,,,,,,,,,,,10,100000000,,,,,,,,,,,,,,,,,,,,,,,,,,,,,,,,,
42787,624,12.7895,SortedBoolean,3,,,,,,,,,,,1,100000000,,,,,,,,,,,,,,,,,,,,,,,,,,,,,,,,,
42787,624,12.7895,SortedBoolean,4,,,,,,,,,,,8,100000000,,,,,,,,,,,,,,,,,,,,,,,,,,,,,,,,,
42787,624,12.7895,SortedBoolean,5,,,,,,,,,,,5,100000000,,,,,,,,,,,,,,,,,,,,,,,,,,,,,,,,,
42787,624,12.7895,SortedBoolean,6,,,,,,,,,,,4,100000000,,,,,,,,,,,,,,,,,,,,,,,,,,,,,,,,,
42787,624,12.7895,SortedBoolean,7,,,,,,,,,,,4,100000000,,,,,,,,,,,,,,,,,,,,,,,,,,,,20,,,,,
42787,624,12.7895,SortedBoolean,8,,,,,,,,,,,4,100000000,,,,,,,,,,,,,,,,,,,,,,,,,,,,60,,,,,
42789,624,2.4722,EnhancedMAUT,0,,,,,,,,,,,,,,,,,,,,,20,,,,,,,,,,,,,,,,,,,,,,,,
42789,624,2.4722,EnhancedMAUT,1,1000,,,,,,,,,,,,,,,,,,,,20,,,,,,,,,,,,,,,,,,,,,,,,
42840,652,10.619,EnhancedMAUT,0,,,,,,,,,,,,,,,,,,,,,,,,,,,,,,,,,,,,,,,,,5,,,,
42842,652,0.583,EnhancedMAUT,0,,,,,,,,,,,,,,,,,,,,,,,,,,,,,,,,,,,,,,,,,4,,,,
42844,652,9.626,SortedBoolean,0,,,,,,,,,,,,,,,,,,,,,,,,,,,,,,,,,,,,,,,,,2,5,,,
42885,664,0.583,EnhancedMAUT,0,,,37500.0,,,,,,,,,,,,,,,,,,,,,,1500.0,,,,1.5,,,,,,,,,,,,5,,,,
42935,388,0.583,SortedBoolean,0,,,,2500,,,,,,,,,,,,,,,,,,,,,,1500,,,,1.5,,,,,,,,,,,,5,,,
42937,388,1.669,EnhancedMAUT,0,,,2000,,,,,,,,,,,,,,,,,,46,,,,,,,,,,,,,,,,1.3,,,,4,,,,
42939,388,17.578,SortedBoolean,0,,,,2000,,,,,,,,,,,,,,,,,,,,,,1500,,100,,,,,,,,,,,,,3,5,+calories,+sodium,+sugars
42970,674,0.583,SortedBoolean,0,,,800,1400,,,,,,,,,,,,,,,,,,,,,,,,,,,,,,,,,,,,,4,5,,,
42972,674,1.669,EnhancedMAUT,0,1000,,2000,,,,,,,,,,,,,,,,,,46,,,,,,,,,,130,,,,,,,,,,,,,,
42974,674,17.578,SortedBoolean,0,,,,2000,,,,,,,,,,,,,,,,,,,,,,1500,,400,,,,,,,,,,,,,,,,,
42975,682,0.583,SortedBoolean,0,,,,,,,,,,,,,,,,,,,,,,,,,,,,,,,,,,,,,,,,,3,5,,,
42975,682,0.583,SortedBoolean,1,,,2500,2600,,,,,,,,,,,,,,,,,,,,,,1500,,,1.0,1.5,,,,,,,,,,,3.5,5,,,
42975,682,0.583,SortedBoolean,2,,,,2600,,,,,,,,,,,,,,,,,,,,,,1500,,,1.0,1.5,,,,,,,,,,,3.5,5,,,
42977,682,1.669,SortedBoolean,0,,,,,,2000,,,,,,,,,,,,,,,,50,,,,,,,,,,,,,,,,1.5,,,3,,,,
42977,682,1.669,SortedBoolean,1,,,,2000,,,,,,,,,,,,,,,,,,50,,,,,,,,,,,,,,,,1.5,,,3,,,,
42977,682,1.669,SortedBoolean,2,,,,2000.0,,,,,,,,,,,,,,,,,,50.0,,,,,,,,,,,,,,,,1.5,,,3,,-calories,,
42977,682,1.669,SortedBoolean,3,,,,2000.0,,,,,,,,,,,,,,,,,,50.0,,,,,,,,,,,,,,,,1.5,,,3,,-calories,-vitaminB6,-protein
42979,682,11.2959,SortedBoolean,0,,1600,,2000,,,,,,,,,,,,400,,,,,,43,,,,1500,,,,,,,,,,,,,,,,,,,
42979,682,11.2959,SortedBoolean,1,,1600.0,,2000.0,,,,,,,,,,,,400.0,,,,,,43.0,,,,1500.0,,,,,,,,,,,,,,,3.5,,,,
42979,682,11.2959,SortedBoolean,2,,1600.0,,2000.0,,,,,,,,,,,,400.0,,,,,,43.0,,,,1500.0,,,,,,,,,,,,,,,3.5,,-calories,-calcium,-protein
43000,686,17.578,EnhancedMAUT,0,,,2000.0,,100,,,,,,,,,,,,,,,,,,100,,,,,,,,,,100,,,,,,,,4,,,,
43035,695,1.669,Faceted,0,,,,,,,,,,,,,,,,,,,,,,,,,,,,,,,,,,,,,,,,,3.5,,,,
43035,695,1.669,Faceted,1,,,,2000,,,,,,,,,,,,,,,,,,,,,,,,,,,,,,,,,,,,,3.5,,,,
43035,695,1.669,Faceted,2,,,,2000,,,,,,,,,,,,,,,,,,,,,,,,,,,,,,,,,,1.5,,,3.5,,,,
43035,695,1.669,Faceted,3,,,,2000,,,,,,,,,,,,,,,,,60,80,,,,,,,,,,,,,,,,1.5,,,3.5,,,,
43035,695,1.669,Faceted,4,,,,2000,,,,,,,,,,,,,,,,,60,80,,,,,,,,,,,,,,,,1.5,,,3.5,,-calories,-protein,-vitaminB6
43037,695,14.2832,SortedBoolean,0,,,,,,,,,,,,,,,,,,,,,,,,,,1500,,,,,,,,,,,,100,,,3.5,,-totalCarbohydrates,,
43039,695,12.7895,Faceted,0,,,,,,,,,,,,,,,,,,,,,,,,,,,,,,,,,,,,,,,,,3.5,,,,
43039,695,12.7895,Faceted,1,,,,,,,,,,,,0.5,,,,,,,,,,,,,,,,,,,,,,,,,,,,,3.5,,,,
43039,695,12.7895,Faceted,2,,,,,,,,,,,,0.5,,,,,,,,,,,,,,,,,,,,,,,,,4.0,,,,3.5,,,,
43039,695,12.7895,Faceted,3,,,,,,,,,,,,0.5,,,,,60,70,,,,,,,,,,,,,,,,,,,4.0,,,,3.5,,,,
43075,704,11.2959,EnhancedMAUT,0,,,,,,,,,,,,,,,,,,,,,,,,,,,,,,,,,,,,,,,,,5,,,,
43075,704,11.2959,EnhancedMAUT,1,1000.0,,,,,,,,,,,,,,,,,,,,32.2,,,,,,,,,,,,,,,,,,,,5,,,,
43075,704,11.2959,EnhancedMAUT,2,1200.0,,,,,,,,,,,,,,,,,,,,32.2,,,,,,,,,,,,,,,,,,,,5,,,,
43077,704,14.2832,SortedBoolean,0,,,,,,,,,,,,,,,,,,,,,,,,,1350.0,1800.0,,,,,390.0,650.0,,,,,1.04,1.235,,,,,,,
43079,704,17.578,Faceted,0,,,,,,,,,,,,,,,,,,,,,,,,,,,,,,,,,,,,,,,,,4.0,,,,
43079,704,17.578,Faceted,1,,,,2000,,,,,,,,,,,,,,,,,,,,,,,,,,,,,,,,,,,,,4.0,,,,
43079,704,17.578,Faceted,2,,,2000,2200,,,,,,,,,,,,,,,,,,,,,,,,,,,,,,,,,,,,,4.0,,,,
43079,704,17.578,Faceted,3,,,2000,2200,,,,,,,,,,,,,,,,,,,,,,2500,,,,,,,,,,,,,,,4.0,,,,
43079,704,17.578,Faceted,4,,,2000,2200,,,,,,,,,,,,,,,,,,,,,,2500,,,,,,175,,,,,,,,,4.0,,,,
43250,335,14.2832,EnhancedMAUT,0,,,,,,,,,,,,,,,,,,,,,,,,,1500.0,,,,,,156.0,,,,,,1.3,,,,4,,,,
43252,335,12.7895,EnhancedMAUT,0,,,,,,,,,,,0.1,,,,,,9.5,,,,,,,,,,,,0.375,,,,,,,,1.3,,22.5,,4,,,,
43254,335,18.2366,SortedBoolean,0,0.0,1000.0,,,,,0.0,100.0,,,,,,,,,,,0.0,4700.0,,,,,,,,,,,,,,,,,,,,,3,5,,,
43290,751,14.2832,EnhancedMAUT,0,,,,,,,,,,,,,,,,,,,,,,,,,,,,,,,320,,,,,,,,,,,,,,
43290,751,14.2832,EnhancedMAUT,1,,,,,,,,,,,,,,,,,,,,,,,,,,,,,,,620,,,,,,1.3,,,,,,,,
43315,757,18.2366,EnhancedMAUT,0,,,1200,,,,50,,,,,,,,,,,,,,,,,,,,,,,,,,,,,,,,,,4,,,,
43317,757,4.3002,Faceted,0,,,,2000,,,,,,,,,,,,,,,,,,,,,,,,,,,,,,,,,,,,,,,,,
43317,757,4.3002,Faceted,1,,,,2000,,,,,,,,,,,,,,,,,,,,,,,,,,,,,,,,,,,50,75,,,,,
43317,757,4.3002,Faceted,2,,,,2000,,,,,,,,,,,,,,,,,,,,,,,,,1.5,2.0,,,,,,,,,50,75,,,,,
43317,757,4.3002,Faceted,3,,,,2000,,,,,,,0.5,0.7,,,,,,,,,,,,,,,,,1.5,2.0,,,,,,,,,50,75,,,,,
43317,757,4.3002,Faceted,4,,,,2000,,,,,,,0.5,0.7,,,,,,,,,,,,,,,,,1.5,2.0,,,,,,,,,50,75,3.0,,,,
43317,757,4.3002,Faceted,5,,,,2000,,,,,,,0.5,0.7,,,,,,,,,,,,,,2500,,,1.5,2.0,,,,,,,,,50,75,3.0,,,,
43319,757,9.626,EnhancedMAUT,0,1400.0,,1500.0,,,,,,,,,,,,,,11.25,,,,,,,,,,,,,,,,,,,,,,,,3,,,,
43319,757,9.626,EnhancedMAUT,1,1400.0,,1500.0,,,,,,,,,,,,,,13.05,,,,,,,,,,,,,,,,,,,,,,,,4,,,,
43335,760,4.3002,Faceted,0,,,,2000,,,,,,,,,,,,,,,,,,,,,,,,,,,,,,,,,,,,,,,,,
43335,760,4.3002,Faceted,1,,,,2000,,,,,,,0.5,0.7,,,,,,,,,,,,,,,,,,,,,,,,,,,,,,,,,
43335,760,4.3002,Faceted,2,,,,2000,,,,,,,0.5,0.7,,,,,,,,,,,,,,,,,,,,,,,,,,,125,150,,,,,
43335,760,4.3002,Faceted,3,,,,2000,,,,,,,0.5,0.7,,,,,,,,,,,,,,,,,,,,,,,,,,,125,150,4.5,,,,
43337,760,9.626,EnhancedMAUT,0,,,1500,,,,,,,,,,,,,,,,,,,,,,,,,,,,,,,,,,,,,,,,,,
43337,760,9.626,EnhancedMAUT,1,,,1200,,,,,,,,,,,,,,,,,,,,,,,,,,,,,,,,,,,,,,,,,,
43337,760,9.626,EnhancedMAUT,2,1500,,1200,,,,,,,,,,,,,,,,,,,,,,,,,,,,,,,,,,,,,,,,,,
43337,760,9.626,EnhancedMAUT,3,1500,,1200,,,,,,,,,,,,,,12,,,,,,,,,,,,,,,,,,,,,,,,,,,,
43337,760,9.626,EnhancedMAUT,4,1500,,1300,,,,,,,,,,,,,,12,,,,,,,,,,,,,,130,,,,,,,,,,4,,,,
43339,760,7.4675,SortedBoolean,0,,,1500,2200,,,,,,,,,,,,,,,,,70,400,,,,,,,,,,,,,4100,9000,,,101,9000,4,5,,,
43495,793,4.3002,EnhancedMAUT,0,,,,,,,,,,,,,,,,,,,,,,,,,,,,,,,,,,,,,,,,,5,,,,
43495,793,4.3002,EnhancedMAUT,1,,,,,,,,,,,.5,,,,,,,,,,,,,,1500,,,,1.9,,,,,,,,,,,,5,,,,
43500,794,9.626,SortedBoolean,0,1400,1800,0,1500,,,,,,,,,,,,,12,16,,,,,,,,,,,,,,,,,,,,,,,4,5,,,
43500,794,9.626,SortedBoolean,1,1400,1800,0,1500,,,,,,,,,,,,,12,16,,,,,,,,,,,,,,,,,,,,,,,,,,,
43500,794,9.626,SortedBoolean,2,1200,2000,0,1500,,,,,,,,,,,,,12,20,,,,,,,,,,,,,,,,,,,,,,,,,,,
43502,794,7.4675,EnhancedMAUT,0,,,,,,,,,,,0.6,,,,,,18,,,,61,,,,,,,,1.5,,,,,,4000,,,,100,,,,,,
43504,794,11.2959,SortedBoolean,0,1400,2500,,,,,,,,,,,,,400,1000,,,,,0,40,,,0,1500,,,,,,,,,,,,,,,,,,,
43504,794,11.2959,SortedBoolean,1,1400,4000,,,,,,,,,,,,,300,2000,,,,,0,40,,,0,1500,,,,,,,,,,,,,,,,,,,
43504,794,11.2959,SortedBoolean,2,1400,4000,,,,,,,,,,,,,300,2000,,,,,0,40,,,,,,,,,,,,,,,,,,,,,,,
43504,794,11.2959,SortedBoolean,3,1400,4000,,,,,,,,,,,,,,,,,,,0,40,,,,,,,,,,,,,,,,,,,,,,,
43504,794,11.2959,SortedBoolean,4,1000,4000,,,,,,,,,,,,,,,,,,,0,40,,,,,,,,,,,,,,,,,,,,,,,
43725,853,4.3002,SortedBoolean,0,,,,,,,,,,,,,,,,,,,,,,,,,,,,,,,,,,,,,,,,,3,5,+rating_max,-calories,+thiamin
43725,853,4.3002,SortedBoolean,1,,,1500,2000,,,,,,,.5,,,,,,,,,,,,,,,2000,,,1.0,,,,,,,,,,120,,2.5,5,+rating_max,-calories,+thiamin
43727,853,9.626,Faceted,0,,,,2000,,,,,,,,,,,,,,,,,,,,,,,,,,,,,,,,,,,,,,,,,
43727,853,9.626,Faceted,1,,,,2000,,,,,,,,,,,,,,,,,,,,,,,,,,,,,,,,,,,,,4.0,,,,
43727,853,9.626,Faceted,2,,,,2000,,,,,,,,,,,,,,,,,,,,,,,,,,,,175,,,,,,,,,4.0,,,,
43727,853,9.626,Faceted,3,1200,1400,,2000,,,,,,,,,,,,,,,,,,,,,,,,,,,,175,,,,,,,,,4.0,,,,
43727,853,9.626,Faceted,4,1200,1400,,2000,,,,,,,,,,,,,,40,,,,,,,,,,,,,,175,,,,,,,,,4.0,,,,
43727,853,9.626,Faceted,5,1200,1400,,2000,,,,,,,,,,,,,,40,,,,,,,,,,,,,,,,,,,,,,,4.0,,,,
43727,853,9.626,Faceted,6,1200,1400,,2000,,,,,,,,,,,,,,40,,,,,,,,,,,,,,,,,,,,,,,3.5,,,,
43727,853,9.626,Faceted,7,1200,1400,,2000,,,,,,,,,,,,,,40,,,,,,,,,,,,,,175,,,,,,,,,3.5,,,,
43727,853,9.626,Faceted,8,1200,1400,,2000,,,,,,,,,,,,,,40,,,,,,,,,,,,,,175,,,,,,,,,3.5,,-calcium,,
43729,853,11.2959,EnhancedMAUT,0,1400,,2000,,,,,,,,,,,,,,,,,,40,,,,,,,,,,,,,,,,,,,,3.5,,,,
43729,853,11.2959,EnhancedMAUT,1,1400,,2000,,,,,,,,,,,,,,,,,,40,,,,1500,,,,,,,,,,,,,,,,3.5,,,,
43729,853,11.2959,EnhancedMAUT,2,1400,,2000,,,,,,,,,,,,400,,,,,,40,,,,1500,,,,,,,,,,,,,,,,4,,,,
43729,853,11.2959,EnhancedMAUT,3,1400,,2000,,,,,,,,,,,,400,,,,,,40,,,,1500,,,,,,,,,,,,,,,,5,,,,
43745,856,9.626,Faceted,0,,,,,,,,,,,,,,,,,,,,,,,,,,,,,,,,,,,,,,,,,4.5,,,,
43747,856,11.2959,Faceted,0,,,,,,,,,,,,,,,,,,,,,,,,,,,,,,,,,,,,,,,,,4.0,,,,
43747,856,11.2959,Faceted,1,,,,,,,,,25,30,,,,,,,,,,,,,,,,,,,,,,,,,,,,,,,4.0,,,,
43747,856,11.2959,Faceted,2,,,,,,,,,25,30,,,,,350,400,,,,,,,,,,,,,,,,,,,,,,,,,4.0,,,,
43747,856,11.2959,Faceted,3,800,1000,,,,,,,25,30,,,,,350,400,,,,,,,,,,,,,,,,,,,,,,,,,4.0,,,,
43747,856,11.2959,Faceted,4,800,1000,,,,,,,25,30,,,,,,300,,,,,,,,,,,,,,,,,,,,,,,,,4.0,,,,
43747,856,11.2959,Faceted,5,800,1000,,,,,,,25,30,,,,,,,,,,,,,,,,,,,,,,,,,,,,,,,4.0,,,,
43747,856,11.2959,Faceted,6,800,1000,,,,,,,25,30,,,,,,,,,,,,60,,,,,,,,,,,,,,,,,,,4.0,,,,
43749,856,16.2344,SortedBoolean,0,,,,1800.0,,,,,,,,,,,,,,,,2800.0,,,,,2000.0,23000.0,,,,,,,,,,,,,,,4,,,,
43800,870,9.626,SortedBoolean,0,,,,,,,,,,,,,,,,,,,,,,,,,,,,,,,,,,,,,,,,,3,5,,,
43802,870,11.2959,Faceted,0,,,,,,,,,,,,,,,,,,,,,,,,,,,,,,,,,,,,,,,,,4.5,,,,
43804,870,16.2344,Faceted,0,,,,,,,,,,,,,,,,,,,,,,,,,,,,,,,,,,,,,,,,,4.0,,,,
43960,903,13.666,SortedBoolean,0,,,15000,,,,,,,,,,,,,,,,,,,,,,,,,,,,,,,,,,,,,,,,,,
43960,903,13.666,SortedBoolean,1,,,1500,,,,,,,,,,,,,,,,,,,,,,,,,,,,,,,,,,,,,,,,,,
43960,903,13.666,SortedBoolean,2,,,1500,1500,,,,,,,,,,,,,,,,,,,,,,,,,,,,,,,,,,,,,,,,,
44000,915,13.666,Faceted,0,,,,,,,,,,,,,,,,,,,,,,,,,,,,,,,,,,,,,,,,,4.0,,,,
44002,915,1.5669,SortedBoolean,0,,,,,,,,,,,0.4,1.0,,,,,15.0,37.5,,,,,,,,,,,,,,,,,3000.0,7500.0,,,,,3.5,4.5,,,
44004,915,2.4724,SortedBoolean,0,1000.0,2500.0,,,,,,,,,0.4,1.0,,,,,,,,,56.0,280.0,,,,,,,,,,,,,,,,,,,3.5,4.5,,,
44005,918,13.666,Faceted,0,,,2000,2200,,,,,,,,,,,,,,,,,,,,,,,,,,,,,,,,,,,,,,,,,
44005,918,13.666,Faceted,1,,,2000,2200,,,,,,,,,40,45,,,,,,,,,,,,,,,,,,,,,,,,,,,,,,,
44005,918,13.666,Faceted,2,,,2000,2200,,,,,,,,,40,45,,,,,,,160,,,,,,,,,,,,,,,,,,,,,,,,
44005,918,13.666,Faceted,3,,,2000,2200,,,,,,,,,50,,,,,,,,160,,,,,,,,,,,,,,,,,,,,,,,,
44007,918,19.7433,SortedBoolean,0,,,,,,,,,,,,2.0,,,,,,75.0,,,,,,,,,,,,5.5,,,,,,,,,,,4,5,,,
44007,918,19.7433,SortedBoolean,1,,,,,,,,,,,,0.6,,,,,,25.5,,,,,,,,,,,,2.101,,,,,,,,,,,4,5,,,
44007,918,19.7433,SortedBoolean,2,,,,,,,,,,,0.6,,,,,,25.5,,,,,,,,,,,,2.101,,,,,,,,,,,,4,5,,,
44009,918,1.5669,Faceted,0,,,,,,,,,,,,,,,,,,,,,,,,,,,,,,,,,,,,,,,,,4.5,,,,
44009,918,1.5669,Faceted,1,,,,,,,,,,,,,,,,,,,,,,,,,,,,,,,,,,,3000,6000,,,,,4.5,,,,
44009,918,1.5669,Faceted,2,,,,,,,,,,,,0.5,,,,,,,,,,,,,,,,,,,,,,,3000,6000,,,,,4.5,,,,
44009,918,1.5669,Faceted,3,,,,,,,,,,,,0.5,,,,,,40,,,,,,,,,,,,,,,,,3000,6000,,,,,4.5,,,,
44015,908,13.666,Faceted,0,,,,,,,,,,,,,,,,,,,,,,,,,,,,,,,,,,,,,,,,,4.5,,,,
44017,908,1.5669,Faceted,0,,,,,,,,,,,,,,,,,,,,,,,,,,,,,,,,,,,,,,,,,4.5,,,,
44017,908,1.5669,Faceted,1,,,2000,2200,,,,,,,,,,,,,,,,,,,,,,,,,,,,,,,,,,,,,4.5,,,,
44017,908,1.5669,Faceted,2,,,,2000,,,,,,,,,,,,,,,,,,,,,,,,,,,,,,,,,,,,,4.5,,,,
44017,908,1.5669,Faceted,3,,,2000,2200,,,,,,,,,,,,,,,,,,,,,,,,,,,,,,,,,,,,,4.5,,,,
44035,919,13.666,Faceted,0,,,,2000,,,,,,,,,,,,,,,,,,,,,,,,,,,,,,,,,,,,,,,,,
44040,924,13.666,Faceted,0,,,,,,,,,,,,,,,,,,,,,,,,,,,,,,,,,,,,,,,,,4.0,,,,
44040,924,13.666,Faceted,1,,,,2000,,,,,,,,,,,,,,,,,,,,,,,,,,,,,,,,,,,,,4.0,,,,
44040,924,13.666,Faceted,2,,,,2000,,,,,,,,,,,,,,,,,,,,,,2500,,,,,,,,,,,,,,,4.0,,,,
44040,924,13.666,Faceted,3,,,,2000,,,,,,,,,,,,,,,,,,60,,,,2500,,,,,,,,,,,,,,,4.0,,,,
44040,924,13.666,Faceted,4,,,,2000,,,,,,,,,,20,,,,,,,,60,,,,2500,,,,,,,,,,,,,,,4.0,,,,
44040,924,13.666,Faceted,5,,,,2000,,,,,,,,,,20,,,,,,,,60,,25,,2500,,,,,,,,,,,,,,,4.0,,,,
44040,924,13.666,Faceted,6,,,,2000,,,,,,,,,,20,,,,,,,,60,,25,,2500,,,,,,175,,,,,,,,,4.0,,,,
44040,924,13.666,Faceted,7,,,,2000,,,,300,,,,,,20,,,,,,,,60,,25,,2500,,,,,,175,,,,,,,,,4.0,,,,
44040,924,13.666,Faceted,8,,,,2000,,,,300,20,25,,,,20,,,,,,,,60,,25,,2500,,,,,,175,,,,,,,,,4.0,,,,
44045,925,13.666,Faceted,0,,,,,,,,,,,,,,,,,,,,,,,,,,,,,,,,,,,,,,,,,3.5,,,,
44045,925,13.666,Faceted,1,,,,2000,,,,,,,,,,,,,,,,,,,,,,,,,,,,,,,,,,,,,3.5,,,,
44045,925,13.666,Faceted,2,,,,2000,,,,,,,,,,20,,,,,,,,,,,,,,,,,,,,,,,,,,,3.5,,,,
44045,925,13.666,Faceted,3,,,,2000,,,,,,,,,,20,,,,,,,,60,,,,,,,,,,,,,,,,,,,3.5,,,,
44045,925,13.666,Faceted,4,,,,2000,,,,,,,,,,20,,,,,,,,60,,,,,,,,,,,,,,,,,,,3.5,,+calories,+protein,+iron
44045,925,13.666,Faceted,5,,,,2000,,,,,,,,,,20,,,,,,,,60,,,,,,,,,,,,,,,,,,,3.5,,-calories,+protein,+iron
44045,925,13.666,Faceted,6,,,,2000,,,,,,,,,,20,,,,,,,,60,,,,,,,,,,,,,,,,,,,3.5,,+calories,+protein,+iron
44055,921,15.958,Faceted,0,,,,2000,,,,,,,,,,,,,,,,,,,,,,,,,,,,,,,,,,,,,,,,,
44057,921,1.5669,Faceted,0,,,,,,,,,,,,,,,,,,,,,,,,,,,,,,,,,,,3000,6000,,,,,,,,,
44059,921,19.7433,Faceted,0,,,,,,,,,,,,,,,,,,,,,,,,,,,,,,,,,,,,,,,,,3.5,,,,
44080,899,15.958,Faceted,0,,,,,,,,,,,,,,,,,,,,,,,,,,,,,,,,,,,,,,,,,4.5,,,,
44080,899,15.958,Faceted,1,,,,,,900,,,,,,,,,,,,,,,,,,,,,,,,,,,,,,,,,,,4.5,,,,
44080,899,15.958,Faceted,2,,,,2000,,900,,,,,,,,,,,,,,,,,,,,,,,,,,,,,,,,,,,4.5,,,,
44080,899,15.958,Faceted,3,,,,2000,,900,,,,,,,,,,,,,,,,,,,,,,,,,,,,,,,,,75,100,4.5,,,,
44082,899,2.4724,Faceted,0,,,,,,,,,,,,,,,,,,,,,,,,,,,,,,,,,,,,,,,,,4.5,,,,
44082,899,2.4724,Faceted,1,,,,,,,,,,,,,,,,,,,,,60,80,,,,,,,,,,,,,,,,,,,4.5,,,,
44082,899,2.4724,Faceted,2,800,1000,,,,,,,,,,,,,,,,,,,60,80,,,,,,,,,,,,,,,,,,,4.5,,,,
44082,899,2.4724,Faceted,3,800,1000,,,,,,,,,,0.5,,,,,,,,,60,80,,,,,,,,,,,,,,,,,,,4.5,,,,
44084,899,18.2366,EnhancedMAUT,0,1000,,2500,,,,100,,,,,,,,,,,,4700,,,,,,,,,,,,,,,,,,,,,,4,,,,
44405,1007,13.666,SortedBoolean,0,,,,1500.0,,,,,,,,,,,,,,,,,,,,,,,,,,,,,,,,,,,,,4,5,,,
44407,1007,1.5669,EnhancedMAUT,0,,,2000.0,,,,,,,,0.4,,,,,,15.0,,,,,,,,,,,,,,,,,,3000.0,,,,,,5,,,,
44407,1007,1.5669,EnhancedMAUT,1,,,2000.0,,,,,,,,0.4,,,,,,15.0,,,,,,,,1500.0,,,,,,,,,,3000.0,,,,,,5,,,,
44409,1007,15.958,SortedBoolean,0,,,,2000.0,,,,,,,,,,,,,,,,,,,,,,,,,,,,,,,,,,,,112.5,4.5,5,,,
44409,1007,15.958,SortedBoolean,1,,,1900.0,2000.0,,,,,,,,,,,,,,,,,,,,,,,,,,,,,,,,,,,,112.5,4.5,5,,,
44409,1007,15.958,SortedBoolean,2,,,1800.0,2200.0,,,,,,,,,,,,,,,,,,,,,,,,,,,,,,,,,,,,112.5,4.5,5,,,
44409,1007,15.958,SortedBoolean,3,,,1800,2200,540,660,,,,,,,,,,,,,,,,,,,,,,,,,,,180,220,,,,,,112.5,4.5,5,,,
44409,1007,15.958,SortedBoolean,4,,,1800,2200,540,660,,,,,,,,,,,,,,,,,,,,,,,,,,,180,220,,,,,,,,5,,,
44409,1007,15.958,SortedBoolean,5,,,1800,2200,,,,,,,,,,,,,,,,,,,,,,,,,,,,,100,250,,,,,,,,,,,
44409,1007,15.958,SortedBoolean,6,,,2155,2155,,,,,,,,,,,,,,,,,,,,,,,,,,,,,,,,,,,,,,,,,
44420,1010,13.666,SortedBoolean,0,,,300,500,,,,,,,,,,,,,,,,,10,15,,,,,,,,,,,,,,,,,,,,,,,
44420,1010,13.666,SortedBoolean,1,,,1200,1500,,,,,,,,,,,,,,,,,40,50,,,,,,,,,100,130,,,,,,,,,3,5,,,
44420,1010,13.666,SortedBoolean,2,,,1200,1500,,,,,,,,,,,,,,,,,40,50,,,,1500,,,,,100,130,,,,,,,,,3,5,,,
44422,1010,18.2366,SortedBoolean,0,,,2300,2500,,,80,100,,,,,,,,,,,,,,,,,,,,,,,,,,,,,,,,,4,5,,,
44422,1010,18.2366,SortedBoolean,1,,,2300,2500,,,80,100,,,,,,,,,,,,,,,,,,,,,,,,,,,,,,,,,3,4,,,
44422,1010,18.2366,SortedBoolean,2,,,2300,2500,,,,,,,,,,,,,,,,,,,,,,,,,,,,,,,,,,,,,3,4,,,
44422,1010,18.2366,SortedBoolean,3,,,2300,2500,,,,150,,,,,,,,,,,,,,,,,,,,,,,,,,,,,,,,,4,5,,,
44424,1010,17.578,EnhancedMAUT,0,,,2000,,,,,,,,,,,,,,,,,,,,,,,,50,,,,,,,,,,,,,,,,,,
44424,1010,17.578,EnhancedMAUT,1,,,2000,,,,,,,,,,,,,,,,,,,,,,,,50,,,,,,,,,,,,,,4.5,,,,
44424,1010,17.578,EnhancedMAUT,2,,,2000,,,,,,,,,,,,,,,,,,,,,,,,45,,,,,,,,,,,,,,4.5,,,,
44424,1010,17.578,EnhancedMAUT,3,,,2000,,,,,,,,,,,,,,,,,,,,,,1300,,45,,,,,,,,,,,,,,4.5,,,,
44424,1010,17.578,EnhancedMAUT,4,,,2000,,,,,,,,,,,,,,,,,,,,,,1500,,45,,,,,,,,,,,,,,4.5,,,,
44445,1012,13.666,EnhancedMAUT,0,,,400,,,,,,,,,,,,,,,,,,15,,,,,,,,,,,,,,,,,,,,4,,,,
44447,1012,15.958,EnhancedMAUT,0,,,600,,100,,,,,,,,,,,,,,,,,,,,,,,,,,,,10,,,,,,,,4,,,,
44449,1012,18.2366,SortedBoolean,0,,,,,,,,100,,,,,,,,,,,,,,,,,,,,,,,,,,,,,,,,,,,,,
44449,1012,18.2366,SortedBoolean,1,,,,,,,,100,,,,,,,,,,,,,,,,,,1000,,,,,,,,,,,,,,,,,,,
44455,1017,15.958,SortedBoolean,0,,,,2000,,600,,,,,,,,,,,,,,,,,,,,,,,,,,,,67,,,,,90,200,3,,,,
44455,1017,15.958,SortedBoolean,1,,,,2000,,600,,,,,,,,,,,,,,,,,,,,,,,,,,,,67,,,,,90,200,4,,,,
44457,1017,18.2366,SortedBoolean,0,,,,,,,,100,,,,,,,,,,,4700,,,,,,,,,,,,,,,,,,,,,,4,,,,
44457,1017,18.2366,SortedBoolean,1,,,,,,,,100,,,,,,,,,,,,,,,,,,,,,,,,,,,,,,,,,4,,,,
44457,1017,18.2366,SortedBoolean,2,,,,,,,,100,,,,,,,,,,,1000,,,,,,,,,,,,,,,,,,,,,,4,,,,
44457,1017,18.2366,SortedBoolean,3,,,,,,,,100,,,,,,,,,,,3000,,,,,,,,,,,,,,,,,,,,,,4,,,,
44457,1017,18.2366,SortedBoolean,4,500,,,,,,,100,,,,,,,,,,,2000,,,,,,,,,,,,,,,,,,,,,,4,,,,
44459,1017,12.7895,SortedBoolean,0,,,,,,,,,,,,1,,,,,12,35,,,,,,,,,,,,,,,,,,,1.6,,,,4,,,,
44459,1017,12.7895,SortedBoolean,1,,,2000,2500,,,,,,,,1,,,,,12,35,,,,,,,,,,,,,,,,,,,1.6,,,,4,,,,
44465,1019,18.2366,SortedBoolean,0,500,,,,,,0,200,,,,,,,,,,,500,,,,,,,,,,,,,,,,,,,,,,3,5,,,
44480,1004,13.666,SortedBoolean,0,,,1450,1500,,,,,,,,,8,10,,,,,,,46,50,,,,,,,,,,,,,,,,,,,4,5,,,
44480,1004,13.666,SortedBoolean,1,,,1400,1550,,,,,,,,,7,14,,,,,,,46,55,,,,,,,,,,,,,,,,,,,3,5,,,
44520,1028,18.2366,Faceted,0,,,,,,,,300,,,,,,,,,,,,,,,,,,,,,,,,,,,,,,,,,,,,,
44520,1028,18.2366,Faceted,1,,,,,,,,300,,,,,,,,,,,,,,,,,,2500,,,,,,,,,,,,,,,,,,,
44530,1030,17.578,Faceted,0,,,,,,,,,,,,,,,,,,,,,,,,,,,,,,,,,,,,,,,,,4.5,,,,
44530,1030,17.578,Faceted,1,,,,2000,,,,,,,,,,,,,,,,,,,,,,,,,,,,,,,,,,,,,4.5,,,,
44530,1030,17.578,Faceted,2,,,,2000,,,,,,,,,,,,,,,,,,,,,,,,,,,,175,,,,,,,,,4.5,,,,
44530,1030,17.578,Faceted,3,,,,2000,,,,,10,15,,,,,,,,,,,,,,,,,,,,,,175,,,,,,,,,4.5,,,,
44635,1059,18.2366,EnhancedMAUT,0,1000.0,,,,,,99.0,,,,,,,,,,,,,,,,,,,,,,,,,,,,,,,,,,,,,,
44635,1059,18.2366,EnhancedMAUT,1,1000.0,,,,,,99.0,,,,,,,,,,,,,,,,,,,,,,,,,,,,,,,,,,5,,,,
44637,1059,15.958,Faceted,0,,,,,,,,,,,,,,,,,,,,,,,,,,,,,,,,,,,,,,,250,,,,,,
44637,1059,15.958,Faceted,1,,,,,,900,,,,,,,,,,,,,,,,,,,,,,,,,,,,,,,,,250,,,,,,
44637,1059,15.958,Faceted,2,,,,,,900,,,,,,,,,,,,,,,,,,,,,,,,,,,,80,,,,,250,,,,,,
44637,1059,15.958,Faceted,3,,,,,,900,,,,,,,,,,,,,,,,,,25,,,,,,,,,,80,,,,,250,,,,,,
44637,1059,15.958,Faceted,4,,,,,,900,,,,,,,,,,,,,,,,,,25,,,,,,,,,,80,,,,,250,,4.0,,,,
44639,1059,14.2832,Faceted,0,,,,,,,,,,,,,,,,,,,,,,,,,,,,,,,,,,,,,,,,,4.5,,,,
44639,1059,14.2832,Faceted,1,,,,,,,,,,,,,,,,,,,,,,,,,,,,,,,350,,,,,,,,,,4.5,,,,
44645,1060,13.666,EnhancedMAUT,0,,,500,,,,,,,,,,,,,,,,,,,,,,,,,,,,,,,,,,,,,,,,,,
44645,1060,13.666,EnhancedMAUT,1,,,750,,,,,,,,,,,,,,,,,,50,,,,,,,,,,,,,,,,,,,,,,,,
44645,1060,13.666,EnhancedMAUT,2,,,1500,,,,,,,,,,,,,,,,,,50,,,,,,,,,,,,,,,,,,,,,,,,
44647,1060,12.7895,Faceted,0,,,,,,,,,,,,,,,,,,40,,,,,,,,,,,,,,,,,,,,,,,,,,,
44649,1060,10.619,SortedBoolean,0,,,,2300,,,,,,,,,,,,,,,,,,26,,,,,,,,,,,,,,,,,,,,,,,
44655,1062,12.7895,Faceted,0,,,,,,,,,,,,,,,,,,,,,,,,,,,,,,,,,,,,,,,,,4.0,,,,
44657,1062,18.2366,EnhancedMAUT,0,,,,,,,100,,,,,,,,,,,,,,,,,,,,,,,,,,,,,,,,,,,,,,
44659,1062,10.619,EnhancedMAUT,0,,,2300,,,,,,,,,,,,,,,,,,26,,,,,,,,,,,,,,,,,,,,,,,,
44675,1069,13.666,SortedBoolean,0,,,1000,1500,,,,,,,,,5,8,,,,,,,40,46,,,,,,,,,,,,,,,,,,,3,5,,,
44677,1069,14.2832,EnhancedMAUT,0,,,,,,,,,,,,,,,,,,,,,,,,,1500,,,,,,620,,,,,,1.3,,,,4,,,,
44677,1069,14.2832,EnhancedMAUT,1,,,,,,,,,,,,,,,,,,,,,,,,,1500,,,,,,700,,,,,,1.3,,,,4,,,,
44679,1069,3.3441,SortedBoolean,0,,,,,,,,,,,,,,,,,15,17,,,,,,,,,,,1.3,1.8,,,,,,,1.5,2,,,4,5,,,
44715,1076,12.7895,EnhancedMAUT,0,,,300,,,,,,,,,,,,,,,,,,,,,,,,,,,,20,,,,,,,,,,,,,,
44715,1076,12.7895,EnhancedMAUT,1,,,500,,,,,,,,,,,,,,,,,,,,,,,,,,,,20,,,,,,,,,,,,,,
44717,1076,3.3441,EnhancedMAUT,0,,,,,,,,,,,,,,,,,,,,,,,,,,,,,,,,,,,,,,,,,5,,,,
44719,1076,16.2344,SortedBoolean,0,,,400,800,,,,,,,,,,,,,,,,,,,,,,,,,,,,,,,,,,,,,2,5,,,
44745,1083,16.2344,Faceted,0,,,,,,,,,,,,,,,,,,,,,,,,,,,,,,,,,,,,,,,,,3.0,,,,
44745,1083,16.2344,Faceted,1,,,2000,2200,,,,,,,,,,,,,,,,,,,,,,,,,,,,,,,,,,,,,3.0,,,,
44745,1083,16.2344,Faceted,2,,,2000,2200,,,,,,,,,,,,,,,,,,,,,2500,3000,,,,,,,,,,,,,,,3.0,,,,
44745,1083,16.2344,Faceted,3,,,2000,2200,,,,,,,,,,,,,,,3000,3500,,,,,2500,3000,,,,,,,,,,,,,,,3.0,,,,
44747,1083,7.4675,SortedBoolean,0,,,2000,2500,,,,,,,,,,,,,,,,,,,,,,,,,,,,,,,4000,42000,,,100,400,3,5,+calories,,
44749,1083,19.7433,SortedBoolean,0,,,,,,,,,,,.6,.8,,,,,,,,,,,,,,,,,2.1,3,,,,,,,,,,,4,5,,,
44890,1117,9.626,EnhancedMAUT,0,,,,,,,,,,,,,,,,,3,,,,,,,,,,,,,,,,,,,,,,,,5,,,,
44890,1117,9.626,EnhancedMAUT,1,,,500,,,,,,,,,,,,,,3,,,,,,,,,,,,,,26,,,,,,,,,,5,,,,
44892,1117,6.2876,SortedBoolean,0,,,,,,,,,,,.4,,,,,,,,,,56,,,,,750,,,,,,,,,,,,,,,,5,,,
44892,1117,6.2876,SortedBoolean,1,,,,,,,,,,,.4,,,,,,,,,,56,,,,,750,,,,,,,,,,,,,,,4,5,,,
44892,1117,6.2876,SortedBoolean,2,,,,,,,,,,,.4,,,,,,,,,,56,,,,,750,,,,,,,,,,,,,,,3,5,,,
44894,1117,17.578,SortedBoolean,0,,,,2000,,,,,,,,,,,,,,,,,,,,,,1500,,,,,,,,,,,,,,,4,5,,,
44910,1122,9.626,EnhancedMAUT,0,1400,,1500,,,,300,,25,,0.4,,8,,400,,13,,4700,,46,,,,1500,,,,1.1,,130,,,,3000,,1.3,,90,,,,,,
44912,1122,14.2832,SortedBoolean,0,,,2000,2500,,,200,300,30,50,,,,,,,,,4000,4700,40,60,,,1000,1500,,,,,600,800,,,,,1,3,,,,,+totalCarbohydrates,+vitaminB6,-sodium
44912,1122,14.2832,SortedBoolean,1,,,2500,,,,200,300,30,50,,,,,,,,,,,40,60,,,1000,1500,,,,,600,800,,,,,1,3,,,,,+totalCarbohydrates,+vitaminB6,-sodium
44912,1122,14.2832,SortedBoolean,2,,,2500,,,,200,,,,,,,,,,,,,,40,,,,1000,,,,,,600,,,,,,1,3,,,,,+totalCarbohydrates,+vitaminB6,
44914,1122,4.3002,SortedBoolean,0,,,1800,,,,,,,,0.5,,,,,,,,,,,,,,,,,,2,,,,,,,,,,120,,,,,,
44920,1124,6.2876,SortedBoolean,0,,,1250,2000,,,,,,,0,50,,,,,,,,,,50,,,0,750,,,,,,,,,,,,,,,3,5,,,
44990,1142,14.2832,SortedBoolean,0,,,,,,,,,,,,,,,,,,,,,,,,,,,,,,,,620,,,,,,,,,,5,,,
44990,1142,14.2832,SortedBoolean,1,,1000,,2500,,,,300,,38,,0.4,,8,,400,,19,,4700,,56,,,,1500,,,,1.5,,620,,,,3000,,1.3,,90,,5,,,
44990,1142,14.2832,SortedBoolean,2,,1000,,2500,,,,300,,38,,0.4,,8,,400,,19,,4700,,56,,,,1500,,,,1.5,,620,,,,3000,,1.3,,90,4,5,,,
45035,1153,7.4675,EnhancedMAUT,0,,,,,,,,,,,,,,,,,,,,,,,,,,,,,,,,,,,,,,,,,5,,,,
45037,1153,6.2876,EnhancedMAUT,0,,,,,,,,,,,,,,,,,,,,,,,,,1200.0,,,,,,,,,,,,,,,,,,,,
45039,1153,19.7433,SortedBoolean,0,,,,,,,,,,,0.4,,,,,,15.0,,,,,,,,,,,,1.1,,,,,,,,1.3,,,,,,,,
45055,1157,14.2832,EnhancedMAUT,0,,,2500,,,,,,,,,,,,,,,,,,,,,,1500,,,,,,620,,,,,,1.3,,,,,,,,
45057,1157,19.7433,EnhancedMAUT,0,,,2200,,120,,,,,,1.2,,,,,,3,,,,,,,,,,,,2.1,,,,,,,,4.6,,,,,,,,
45059,1157,9.626,SortedBoolean,0,1400,,1500,,,,,,,,,,,,,,13,,,,,,,,,,,,,,,,,,,,,,,,,,,,
45060,1158,19.7433,EnhancedMAUT,0,,,,,,,,,,,1000,,,,,,1000,,,,,,,,,,,,1000,,,,,,,,,,,,4,,,,
45062,1158,6.2876,EnhancedMAUT,0,,,2500.0,,,,,,7.6,,,,,,,,,,,,,,,,150.0,,200,,,,,,,,,,,,,,,,,,
45064,1158,14.2832,EnhancedMAUT,0,,,62500.0,,,,,,,,,,,,,,,,,,,,,,,,,,,,195.0,,,,,,1.3,,,,,,,,
45070,1160,19.7433,EnhancedMAUT,0,,,500.0,,,,,,6.25,,0.6,,,,,,19.05,,,,,,,,,,1,,2.101,,,,,,,,1.703,,,,5,,,,
45072,1160,14.2832,EnhancedMAUT,0,,,,,,,,,,,,,,,,,,,,,,,,,1125.0,,,,,,650.0,,,,,,2.6,,,,5,,,,
45074,1160,6.2876,SortedBoolean,0,,,1250.0,2500.0,,,,,,,0.4,0.8,,,,,,,,,56.0,280.0,,,0.0,750.0,,,,,,,,,,,,,,,4,5,+sodium,-protein,-folate
45074,1160,6.2876,SortedBoolean,1,,,1250.0,3750.0,,,,,,,0.2,0.8,,,,,,,,,28.0,280.0,,,0.0,1125.0,,,,,,,,,,,,,,,4,5,+sodium,-protein,-folate
45120,1171,14.2832,EnhancedMAUT,0,,,,,,,,,,,,,,,,,,,,,,,,,,,,,,,,,,,,,,,,,4,,,,
45120,1171,14.2832,EnhancedMAUT,1,,,2500,,,,,,,,,,,,,,,,,,,,,,1500,,,,,,620,,,,,,1.3,,,,4,,,,
45122,1171,9.626,SortedBoolean,0,1000.0,1500.0,1700.0,2000.0,,,,,,,,,,,,,7.5,12.75,,,,,,,,,,,,,117.0,130.0,,,,,,,,,3,5,,,
45122,1171,9.626,SortedBoolean,1,1000.0,1000.0,1700.0,2000.0,,,,,,,,,,,,,7.5,12.75,,,,,,,,,,,,,117.0,130.0,,,,,,,,,3,5,,,
45122,1171,9.626,SortedBoolean,2,1000.0,1000.0,1700.0,2000.0,,,,,,,,,,,,,7.5,15.0,,,,,,,,,,,,,117.0,130.0,,,,,,,,,3,5,,,
45122,1171,9.626,SortedBoolean,3,1000.0,1000.0,1700.0,2000.0,,,,,,,,,,,,,7.5,15.0,,,,,,,,,,,,,117.0,130.0,,,,,,,,,3,4,,,
45122,1171,9.626,SortedBoolean,4,1000,1000,1200,1500,,,,,,,,,,,,,7.5,15,,,,,,,,,,,,,117,130,,,,,,,,,3,4,,,
45122,1171,9.626,SortedBoolean,5,1000,1000,1200,1500,,,,,,,,,,,,,,10,,,,,,,,,,,,,117,130,,,,,,,,,3,4,,,
45122,1171,9.626,SortedBoolean,6,,1000,1200,1500,,,,,,,,,,,,,,10,,,,,,,,,,,,,117,130,,,,,,,,,3,4,,,
45122,1171,9.626,SortedBoolean,7,,1000,1200,1500,,,,,,,,,,,,,,10,,,,,,,,,,,,,,130,,,,,,,,,3,4,,,
45122,1171,9.626,SortedBoolean,8,,1000,,1500,,,,,,,,,,,,,,10,,,,,,,,,,,,,,130,,,,,,,,,3,4,,,
45122,1171,9.626,SortedBoolean,9,,1000,,1500,,,,,,,,,,,,,,10,,,,,,,,,,,,,,130,,,,,,,,,,,,,
45124,1171,2.4724,SortedBoolean,0,,1500,,,,,,,,,,,,12,,500,,,,,,,,,,,,,,,,,,,,,,,,,,5,,,
45124,1171,2.4724,SortedBoolean,1,,1500,,,,,,,,,,,,12,,500,,,,,,,,,,,,,,,,,,,,,,,,,3,5,,,
45124,1171,2.4724,SortedBoolean,2,,1500,,,,,,,,,,,,12,,500,,,,,,60,,,,,,,,,,,,,,,,,,,3,5,,,
45124,1171,2.4724,SortedBoolean,3,,1500,,,,,,,,,,.5,,12,,500,,,,,,60,,,,,,,,,,,,,,,,,,,3,5,,,
45124,1171,2.4724,SortedBoolean,4,,1500,,,,,,,,,,.5,,12,,500,,,,,,60,,,,,,,,,,,,,,,,,,,4,5,,,
45124,1171,2.4724,SortedBoolean,5,,1500,,,,,,,,,,.5,,12,,500,,,,,,200,,,,,,,,,,,,,,,,,,,4,5,,,
45124,1171,2.4724,SortedBoolean,6,,1500,,,,,,,,,,.5,,12,,500,,,,,,200,,,,,,,,,,,,,,,,,,,4,5,-calcium,-iron,-folate
45155,1178,9.626,SortedBoolean,0,1400,1400,1500,1500,,,,,,,,,,,,,13,13,,,,,,,,,,,,,,,,,,,,,,,,,,,
45155,1178,9.626,SortedBoolean,1,1200,1400,1500,1800,,,,,,,,,,,,,10,13,,,,,,,,,,,,,,,,,,,,,,,,,,,
45155,1178,9.626,SortedBoolean,2,1200,1400,1500,1800,,,,,,,,,,,,,,,,,,,,,,,,,,,,,,,,,,,,,,,,,
45157,1178,2.4724,SortedBoolean,0,1400,1600,,,,,,,,,,,,,,,,,,,50,60,,,,,,,,,,,,,,,,,,,,,,,
45159,1178,19.7433,SortedBoolean,0,,,1900,2100,,,,,,,,,,,,,17,21,,,,,,,,,,,1.9,2.2,,,,,,,1.5,1.9,,,,,,,
45159,1178,19.7433,SortedBoolean,1,,,,,,,,,,,,,,,,,17,21,,,,,,,,,,,1.9,2.2,,,,,,,1.5,1.9,,,,,,,
45170,1182,2.4724,SortedBoolean,0,,1000.0,,,,,,,,,,0.4,,8.0,,400.0,,,,,,56.0,,,,,,,,,,,,,,,,,,,,5,,,
45172,1182,14.2832,SortedBoolean,0,,,,2500.0,,,,,,,,,,,,,,,,,,,,,,0.0,,,,,,130.0,,,,,,1.3,,,,5,,,
45172,1182,14.2832,SortedBoolean,1,,,,2500.0,,,,,,,,,,,,,,,,,,,,,,150.0,,,,,,130.0,,,,,,1.3,,,,5,,,
45172,1182,14.2832,SortedBoolean,2,,,,2500.0,,,,,,,,,,,,,,,,,,,,,,,,,,,,130.0,,,,,,1.3,,,,5,,,
45174,1182,16.2344,SortedBoolean,0,,,,2225.0,,,,,,,,,,,,,,,,470.0,,,,,,1500.0,,,,,,,,,,,,,,,,,,,
45420,1232,14.2832,SortedBoolean,0,,,2000,2500,,,,,,,,,,,,,,,,,,,,,0,1500,,,,,0,500,,,,,1,1.3,,,4,5,,,
45420,1232,14.2832,SortedBoolean,1,,,2000,2500,,,,,,,,,,,,,,,,,,,,,0,1500,,,,,0,600,,,,,1,1.3,,,4,5,,,
45420,1232,14.2832,SortedBoolean,2,,,2000,2600,,,,,,,,,,,,,,,,,,,,,0,1600,,,,,0,600,,,,,1,1.3,,,4,5,,,
45422,1232,9.626,EnhancedMAUT,0,,,1500,,,,,,,,,,,,,,13,,,,,,,,,,,,,,130,,,,,,,,,,,,,,
45424,1232,2.4724,EnhancedMAUT,0,1500,,2500,,,,,,,,0.4,,12,,500,,,,,,56,,,,,,,,,,,,,,,,,,,,,,,,
45424,1232,2.4724,EnhancedMAUT,1,1500,,2500,,,,,,,,0.4,,12,,500,,,,,,56,,,,,,,,,,,,,,,,,,,,5,,,,
45425,1233,14.2832,SortedBoolean,0,,1000,,2500,,,,300,,38,,0.4,,8,,400,,19,,4700,,56,,,,1500,,,,1.5,,620,,,,3000,,1.3,,90,3,4,,,
45425,1233,14.2832,SortedBoolean,1,,1000,,2500,,,,300,,38,,0.4,,8,,400,,19,,4700,,56,,,,1500,,,,1.5,,620,,,,3000,,1.3,,90,,4,,,
45425,1233,14.2832,SortedBoolean,2,,1000,2500,2500,,,,300,,38,,0.4,,8,,400,,19,,4700,,56,,,,1500,,,,1.5,,620,,,,3000,,1.3,,90,,4,,,
45425,1233,14.2832,SortedBoolean,3,,,2500,2500,,,,,,38,,0.4,,,,,,,,,,56,,,,1500,,,,,,620,,,,,,1.3,,,,4,,,
45425,1233,14.2832,SortedBoolean,4,,,2500,2500,,,,,,,,,,,,,,,,,,,,,,1500,,,,,,620,,,,,,1.3,,,,4,,,
45425,1233,14.2832,SortedBoolean,5,,,,,,,,,,,,,,,,,,,,,,,,,700,1500,,,,,620,620,,,,,1.3,1.3,,,,4,,,
45425,1233,14.2832,SortedBoolean,6,,,,,,,,,,,,,,,,,,,,,,,,,200,1500,,,,,620,620,,,,,1.3,1.3,,,,4,,,
45425,1233,14.2832,SortedBoolean,7,,,,,,,,,,,,,,,,,,,,,,,,,200,1500,,,,,500,620,,,,,0.9,1.3,,,,4,,,
45425,1233,14.2832,SortedBoolean,8,,,,,,,,,,,,,,,,,,,,,,,,,200,1500,,,,,500,620,,,,,0.9,1.3,,,3,4,,,
45425,1233,14.2832,SortedBoolean,9,,,,,,,,,,,,,,,,,,,,,,,,,200,1500,,,,,500,620,,,,,0.9,1.3,,,3,3,,,
45425,1233,14.2832,SortedBoolean,10,,,,,,,,,,,,,,,,,,,,,,,,,200,1500,,,,,500,620,,,,,0.9,1.3,,,1,4,,,
45425,1233,14.2832,SortedBoolean,11,,,,,,,,,,,,,,,,,,,,,,,,,1,2000,,,,,1,700,,,,,0.1,2,,,1,4,,,
45427,1233,4.3821,SortedBoolean,0,,,0,1800,,,,,,,0.1,0.8,,,,,,,,,,,,,,,,,1.5,3,100,150,,,,,,,100,250,1,4,,,
45429,1233,3.3441,SortedBoolean,0,,,,,,,,,,,,,,,,,14.8,16,4500,5000,,,,,,,,,1,2,,,,,,,1,2,,,2,4,,,
45429,1233,3.3441,SortedBoolean,1,,,,,,,,,,,,,,,,,14.8,18,4000,5000,,,,,,,,,0.8,2.5,,,,,,,0.8,3,,,2,4,,,
45429,1233,3.3441,SortedBoolean,2,,,,,,,,,,,,,,,,,14.8,18,4000,5000,,,,,,,,,0.8,2.5,,,,,,,0.8,3,,,1,4,,,
45429,1233,3.3441,SortedBoolean,3,,,,,,,,,,,,,,,,,13,18,3800,5000,,,,,,,,,0.6,3,,,,,,,0.5,3,,,1,4,,,
45429,1233,3.3441,SortedBoolean,4,,,,,,,,,,,,,,,,,13,18,3800,5000,,,,,,,,,0.1,5,,,,,,,0.1,5,,,1,4,,,
45429,1233,3.3441,SortedBoolean,5,,,,,,,,,,,,,,,,,13,18,3800,6000,,,,,,,,,0.1,5,,,,,,,0.1,5,,,1,4,,,
45429,1233,3.3441,SortedBoolean,6,,,,,,,,,,,,,,,,,13,20,3800,6000,,,,,,,,,0.1,5,,,,,,,0.1,5,,,1,4,,,
45429,1233,3.3441,SortedBoolean,7,,,,,,,,,,,,,,,,,11,20,3800,6000,,,,,,,,,0.1,5,,,,,,,0.1,5,,,1,4,,,
45429,1233,3.3441,SortedBoolean,8,,,,,,,,,,,,,,,,,11,20,3800,6000,,,,,,,,,0.1,8,,,,,,,0.1,7,,,1,4,,,
45429,1233,3.3441,SortedBoolean,9,,,,,,,,,,,,,,,,,11,20,3000,7000,,,,,,,,,0.1,8,,,,,,,0.1,7,,,1,4,,,
45429,1233,3.3441,SortedBoolean,10,,,,,,,,,,,,,,,,,11,20,3000,7000,,,,,,,,,0.1,8,,,,,,,,,,,1,4,,,
45429,1233,3.3441,SortedBoolean,11,,,,,,,,,,,,,,,,,11,20,3000,7000,,,,,,,,,,,,,,,,,0.1,7,,,1,4,,,
45429,1233,3.3441,SortedBoolean,12,,,,,,,,,,,,,,,,,11,20,3000,7000,,,,,,,,,,,,,,,,,,,,,1,4,,,
45429,1233,3.3441,SortedBoolean,13,,,,,,,,,,,,,,,,,,,3000,7000,,,,,,,,,,,,,,,,,,,,,1,4,,,
45429,1233,3.3441,SortedBoolean,14,,,,,,,,,,,,,,,,,,,3000,5000,,,,,,,,,,,,,,,,,,,,,1,4,,,
45429,1233,3.3441,SortedBoolean,15,,,,,,,,,,,,,,,,,,,3000,5000,,,,,,,,,1,6,,,,,,,,,,,1,4,,,
45435,1235,9.626,EnhancedMAUT,0,5000,,500,,,,,,,,,,,,,,4,,,,,,,,,,,,,,40,,,,,,,,,,5,,,,
45435,1235,9.626,EnhancedMAUT,1,1400,,1500,,,,,,,,,,,,,,13,,,,46,,,,,,,,,,130,,,,,,,,,,5,,,,
45437,1235,4.3821,SortedBoolean,0,,,,,,,,,,,0.5,,,,,,,,,,,,,,,,,,1.9,,,,,,,,,,120,,3.8,5,,,
45437,1235,4.3821,SortedBoolean,1,,,,1800,,,,,,,0.5,,,,,,,,,,,,,,,,,,1.9,,,,,,,,,,120,,3.8,5,,,
45439,1235,17.557,EnhancedMAUT,0,,,2000,,,,,,,,,,,,,,,,,,,,,,,,80,,,,,,,,,,,,,,5,,,,
45440,1236,2.4724,EnhancedMAUT,0,,,2500,,,,,,,,,,,,,,,,,,,,,,,,,,,,,,,,,,,,,,,,,,
45442,1236,16.2344,EnhancedMAUT,0,,,2000,,,,,,,,,,,,,,,,3000,,,,,,2000,,,,,,,,,,,,,,,,,,,,
45444,1236,4.3821,EnhancedMAUT,0,,,1800,,,,,,,,,,,,,,,,,,,,,,,,,,,,,,,,,,,,,,,,,,
45555,1259,2.4724,SortedBoolean,0,1500,2500,2500,2500,100,1000,300,300,38,50,0.4,1,12,45,500,1000,19,35,4700,4700,56,285,0,20,1500,2000,0,200,1.5,5,130,130,0,20,3000,5000,1.3,10,90,200,4,5,+calcium,+iron,+magnesium
45555,1259,2.4724,SortedBoolean,1,1500,2500,2500,2500,,,300,300,38,50,0.4,1,12,45,500,1000,19,35,4700,4700,56,285,,,1500,2000,,,1.5,5,130,130,,,3000,5000,1.3,10,90,200,4,5,+calcium,+iron,+magnesium
45555,1259,2.4724,SortedBoolean,2,1500,2500,2500,2500,,,,,,,0.4,1,12,45,500,1000,,,,,56,285,,,,,,,,,,,,,,,,,,,4,5,+calcium,+iron,+magnesium
45555,1259,2.4724,SortedBoolean,3,1500,2500,2500,2500,,,,,,,0.4,1,12,45,500,1000,,,,,56,285,,,,,,,,,,,,,,,,,,,4,5,,,
45555,1259,2.4724,SortedBoolean,4,1500,2500,2500,2500,,,,,,,0.4,1,12,45,500,1000,,,,,56,285,,,,,,,,,,,,,,,,,,,3,5,,,
45555,1259,2.4724,SortedBoolean,5,1500,2500,2000,2500,,,,,,,0.4,1,12,45,500,1000,,,,,56,285,,,,,,,,,,,,,,,,,,,3,5,,,
45557,1259,3.3441,EnhancedMAUT,0,,,2000,,,,,,,,,,,,,,,,,,,,,,,,,,,,,,,,,,,,,,,,,,
45557,1259,3.3441,EnhancedMAUT,1,,,2000,,,,,,,,,,,,,,,,,,,,,,,,,,,,,,,,,,,,,,4,,,,
45557,1259,3.3441,EnhancedMAUT,2,,,2000,,,,,,,,,,,,,,15,,4700,,,,,,,,,,1.3,,,,,,,,1.5,,,,4,,,,
45557,1259,3.3441,EnhancedMAUT,3,1000,,2000,,,,300,,25,,.4,,8,,400,,15,,4700,,46,,,,,,,,1.3,,130,,,,3000,,1.5,,90,,4,,,,
45557,1259,3.3441,EnhancedMAUT,4,1000,,2000,,,,300,,25,,.4,,8,,400,,15,,4700,,46,,,,,,,,1.3,,130,,,,3000,,1.5,,90,,5,,,,
45559,1259,17.557,SortedBoolean,0,,,1500,2200,,,200,400,,,,,,,,,,,,,,,,,,,0,62,,,,,,,,,,,,,3,5,,,
45559,1259,17.557,SortedBoolean,1,,,1500,2200,,,200,400,,,,,,,,,,,,,,,,,1500,2300,0,62,,,,,,,,,,,,,3,5,,,
45575,1263,2.4724,EnhancedMAUT,0,500,,550,,75,,100,,20,,1,,10,,150,,10,,1400,,21,,50,,500,,0,,1,,50,,150,,1000,,1,,30,,4,,,,
45577,1263,4.3821,EnhancedMAUT,0,,,1200,,,,,,,,,,,,1,,,,,,,,,,,,,,2.0,,,,,,,,,,150,,,,,,
45579,1263,3.3441,EnhancedMAUT,0,,,,,,,,,,,,,,,,,16,,4700,,,,,,,,,,1.5,,,,,,,,2,,,,4,,,,
45590,1267,17.557,SortedBoolean,0,,,,,,,,,,,,,,,,,,,,,,,,,,,,,,,,,,,,,,,,,4,5,,,
45592,1267,2.4724,EnhancedMAUT,0,,,,,,,,,,,,,,,,,,,,,,,,,,,,,,,,,,,,,,,,,4,,,,
45592,1267,2.4724,EnhancedMAUT,1,1500,,,,,,,,,,,,8,,450,,,,,,,,,,,,,,,,,,,,,,,,,,4,,,,
45594,1267,3.3441,SortedBoolean,0,,,,,,,,,,,,,,,,,13,,,,,,,,,,,,1.2,,,,,,,,1.2,,,,4,5,,,
45712,1105,7.4675,SortedBoolean,0,,,,,,,,,,,,,,,,,,,,,,,,,,,,,,,,,,,1500.0,1800.0,,,36.0,45.0,4,5,+vitaminA,+vitaminC,+rating_max
45716,1105,11.2959,SortedBoolean,0,600.0,700.0,,,,,,,,,,,,,,,,,,,32.2,36.8,,,,,,,,,,,,,,,,,,,4,5,,,
45719,1105,1.5669,SortedBoolean,0,,,,,,,,,,,0.32,0.36,,,,,12.0,13.5,,,,,,,,,,,,,,,,,2700.0,3000.0,,,,,,,,,
45935,1349,2.4724,SortedBoolean,0,1500,2000,2200,2600,,,,,,,,,12,15,500,1000,,,,,,,,,,,,,,,,,,,,,,,,,3.8,5,,,
45935,1349,2.4724,SortedBoolean,1,1500,2000,2000,2800,,,,,,,,,12,20,500,1000,,,,,,,,,,,,,,,,,,,,,,,,,3.8,5,,,
45935,1349,2.4724,SortedBoolean,2,1200,2000,2000,2800,,,,,,,,,12,20,500,1000,,,,,,,,,,,,,,,,,,,,,,,,,3.8,5,,,
45935,1349,2.4724,SortedBoolean,3,1200,2000,2000,2800,,,,,,,,,12,20,500,1000,,,,,,,,,,,,,,,,,,,,,,,,,3.5,5,,,
45935,1349,2.4724,SortedBoolean,4,1000,2000,2000,2800,,,,,,,,,10,20,500,1000,,,,,,,,,,,,,,,,,,,,,,,,,3.5,5,,,
45935,1349,2.4724,SortedBoolean,5,800,2000,1800,3000,,,,,,,,,8,30,500,1000,,,,,,,,,,,,,,,,,,,,,,,,,3.5,5,,,
45937,1349,17.557,EnhancedMAUT,0,,,2000,,,,300,,,,,,,,,,,,,,,,,,,,15,,,,,,,,,,,,,,4,,,,
45937,1349,17.557,EnhancedMAUT,1,,,2000,,,,300,,20,,,,,,,,,,,,,,,,,,10,,,,,,,,,,,,,,4,,,,
45939,1349,7.4675,EnhancedMAUT,0,1000,,2000,,,,,,,,,,,,,,,,,,60,,,,,,,,,,,,,,4000,,,,100,,4,,,,
45950,1352,2.4724,EnhancedMAUT,0,1500,,,,,,,,,,0.4,,,,,,,,,,56,,,,,,,,,,,,,,,,,,,,4,,,,
45952,1352,11.2959,EnhancedMAUT,0,1400,,,,,,,,,,,,,,400,,,,,,,,,,1500,,,,,,,,,,,,,,,,4,,,,
45952,1352,11.2959,EnhancedMAUT,1,1400,,2200,,,,,,,,,,,,400,,,,,,40,,,,1500,,,,,,,,,,,,,,,,4,,,,
45952,1352,11.2959,EnhancedMAUT,2,1400,,2200,,,,,,,,,,,,400,,,,,,56,,,,1500,,,,,,,,,,,,,,,,4,,,,
45954,1352,10.554,EnhancedMAUT,0,,,2300,,,,300,,,,,,,,,,,,,,26,,,,1500,,,,,,130,,,,,,,,,,4,,,,
45967,1354,2.4724,EnhancedMAUT,0,2000,,2500,,,,,,,,,,20,,600,,,,,,,,,,,,,,,,,,,,,,,,,,4,,,,
45975,1356,2.4724,EnhancedMAUT,0,,,800,,,,,,,,2,,,,,,,,,,,,,,,,,,,,,,,,,,,,,,,,,,
45975,1356,2.4724,EnhancedMAUT,1,1500,,2500,,,,,,,,.4,,,,,,,,,,56,,,,,,,,,,,,,,,,,,,,,,,,
45977,1356,1.5669,EnhancedMAUT,0,,,2000,,,,,,,,.4,,,,,,15,,,,,,,,,,,,,,,,,,3000,,,,,,3,,,,
45979,1356,10.554,SortedBoolean,0,,,2100,2350,,,250,300,,,,,,,,,,,,,,,,,,,,,,,100,135,,,,,,,,,,,,,
46072,1376,11.2959,SortedBoolean,0,,400,,,,,,,,,,,,,,,,,,,,,,,,,,,,,,,,,,,,,,,,5,,,
46072,1376,11.2959,SortedBoolean,1,,1400,,2000,,,,,,,,,,8,,400,,,,4700,,40,,,,1500,,,,1.1,,,,,,3000,,,,,,5,,,
46072,1376,11.2959,SortedBoolean,2,,1400,,2000,,,,,,,,,,8,,400,,,,4700,,40,,,,1500,,,,1.1,,,,,,3000,,,,,,5,+protein,+calcium,+magnesium
46315,1433,12.6089,SortedBoolean,0,,,,2500,,,,,,,,,,,,,,,,,,,,,,,,,,,,,,,,,,,,,2.5,4,,,
46317,1433,5.4745,EnhancedMAUT,0,400,,,,,,,,,,.2,,3,,150,,,,,,15,,,,,,,,,,,,,,,,,,30,,3.5,,,,
46319,1433,8.647,SortedBoolean,0,,,,2300,,,,,,58,,,,,,,,15,,,,,,,,,,,,1.2,,,,,,,,,,,2.5,4.0,,,
46319,1433,8.647,SortedBoolean,1,,,,2300,,,,,,,,,,,,,,15,,,,,,,,,,,,1.2,,,,,,,,,,,2.5,4.0,,,
46319,1433,8.647,SortedBoolean,2,,,,2300,,,,,,,,,,,,,,,,,,,,,,,,,,1.2,,,,,,,,,,,2.5,4.0,,,
